Year,ICPSR State Code,Alphanumeric State Code,State,VEP Total Ballots Counted,VEP Highest Office,VAP Highest Office,Total Ballots Counted,Highest Office,Voting-Eligible Population (VEP),Voting-Age Population (VAP),% Non-citizen,Prison,Probation,Parole,Total Ineligible Felon,Overseas Eligible
2014,0,0,United States,0.37,0.36,0.33,83262122,81687059,227157964,245712915,0.08,1493706,2298993,548576,3329718,5345814
2014,41,1,Alabama,0.33,0.33,0.32,1191274,1180413,3588783,3751844,0.03,31691,53640,8097,69826,
2014,81,2,Alaska,0.55,0.54,0.51,285431,282382,520562,553473,0.04,5216,7077,2210,11389,
2014,61,3,Arizona,0.34,0.33,0.3,1537671,1506416,4510186,5110890,0.1,37516,73232,7502,86028,
2014,42,4,Arkansas,0.4,0.4,0.38,852642,848592,2117881,2263040,0.04,17756,28192,21743,55287,
2014,71,5,California,0.31,0.3,0.25,7513972,7317581,24440416,29646675,0.17,136088,0,87104,223192,
2014,62,6,Colorado,0.55,0.54,0.49,2080071,2041020,3800664,4128890,0.07,19121,0,10067,29188,
2014,1,7,Connecticut,0.43,0.42,0.39,1096556,1089880,2577311,2828791,0.08,16113,0,2564,18677,
2014,11,8,Delaware,0.35,0.34,0.32,238110,234038,681526,735156,0.05,6625,15665,676,16073,
2014,55,9,District of Columbia,0.36,0.35,0.32,177176,175071,495899,547228,0.09,0,0,0,0,
2014,43,10,Florida,0.43,0.43,0.38,6026802,5951561,13914216,15816663,0.11,95671,227087,4519,227359,
2014,44,11,Georgia,0.39,0.38,0.34,2596947,2567761,6725041,7601982,0.07,50499,471067,25547,339844,
2014,82,12,Hawaii,0.37,0.36,0.33,369554,366125,1012123,1113693,0.09,5721,0,0,5721,
2014,63,13,Idaho,0.4,0.39,0.37,445307,439830,1119882,1205611,0.05,7901,33450,4217,30850,
2014,21,14,Illinois,0.41,0.4,0.37,3680417,3627690,9028752,9922399,0.09,46465,0,0,46465,
2014,22,15,Indiana,0.29,0.28,0.27,1387622,1341814,4829510,5033872,0.04,28638,0,0,28638,
2014,31,16,Iowa,0.5,0.5,0.47,1142284,1129700,2269179,2386733,0.04,8686,29929,5769,31215,
2014,32,17,Kansas,0.43,0.43,0.4,887023,869502,2048164,2184712,0.05,9326,16328,4051,22521,
2014,51,18,Kentucky,0.45,0.44,0.42,1459409,1435868,3247300,3406506,0.03,21402,54107,16729,68431,
2014,45,19,Louisiana,0.45,0.44,0.42,1503975,1472039,3349433,3545845,0.03,37881,40979,29619,90448,
2014,2,20,Maine,0.59,0.58,0.57,616996,611255,1051557,1071521,0.02,0,0,0,0,
2014,52,21,Maryland,0.42,0.42,0.37,1745104,1733177,4154546,4645171,0.09,20388,79539,11537,76467,
2014,3,22,Massachusetts,0.45,0.44,0.4,2186789,2158326,4896296,5369534,0.09,10014,0,0,10014,
2014,23,23,Michigan,0.43,0.43,0.41,3188956,3156531,7383958,7700110,0.04,42900,0,0,42900,
2014,33,24,Minnesota,0.51,0.5,0.47,1992613,1981511,3935121,4194166,0.05,10003,97661,6642,71335,
2014,46,25,Mississippi,,0.29,0.28,,631858,2181131,2267463,0.02,18756,34398,9883,47902,
2014,34,26,Missouri,0.34,0.32,0.31,1509025,1426303,4493722,4682458,0.02,31432,47303,18495,76417,
2014,64,27,Montana,0.48,0.47,0.46,373831,369826,787748,802644,0.01,3681,0,0,3681,
2014,35,28,Nebraska,0.41,0.41,0.38,552115,539891,1334453,1419489,0.05,5221,12940,1067,13534,
2014,65,29,Nevada,0.3,0.29,0.25,552546,547349,1867644,2173640,0.13,12537,12027,5927,25199,
2014,4,30,New Hampshire,0.48,0.48,0.46,495565,488159,1025862,1061054,0.03,2867,0,0,2867,
2014,12,31,New Jersey,0.33,0.31,0.27,1955042,1869535,6014127,6936661,0.12,20255,115898,14889,100047,
2014,66,32,New Mexico,,0.35,0.32,,512805,1449503,1586442,0.08,6879,16060,2255,18128,
2014,13,33,New York,0.29,0.28,0.25,3930310,3819010,13553426,15544111,0.12,48376,0,44889,93265,
2014,47,34,North Carolina,0.41,0.41,0.38,2939767,2915281,7143737,7693406,0.06,35726,90918,10025,96665,
2014,36,35,North Dakota,0.45,0.44,0.43,255128,248670,567221,582205,0.02,1700,0,0,1700,
2014,24,36,Ohio,0.36,0.35,0.34,3149876,3055913,8701243,8969074,0.02,51024,0,0,51024,
2014,53,37,Oklahoma,0.3,0.3,0.28,825607,824831,2755091,2940437,0.05,27650,28568,2560,46208,
2014,72,38,Oregon,0.53,0.51,0.47,1541782,1469717,2887517,3115883,0.07,15075,0,0,15075,
2014,14,39,Pennsylvania,0.37,0.36,0.35,3535576,3495866,9689491,10100271,0.04,49643,0,0,49643,
2014,5,40,Rhode Island,0.42,0.42,0.39,329212,324055,776286,842605,0.08,3294,0,0,3294,
2014,48,41,South Carolina,0.35,0.35,0.33,1261611,1246301,3584461,3760480,0.04,20917,35096,5225,45796,
2014,37,42,South Dakota,0.45,0.44,0.43,282291,279412,630989,647810,0.02,3528,0,2611,6139,
2014,54,43,Tennessee,0.3,0.29,0.27,1430117,1374065,4799476,5060636,0.04,28495,62950,13498,77245,
2014,49,44,Texas,,0.28,0.24,,4727208,16675420,19847831,0.14,157361,388101,111412,486110,
2014,67,45,Utah,0.3,0.3,0.28,577973,565970,1905801,2054936,0.07,6824,0,0,6824,
2014,6,46,Vermont,0.41,0.39,0.38,202445,193087,495884,507304,0.02,0,0,0,0,
2014,40,47,Virginia,0.37,0.37,0.34,2194346,2184473,5962456,6489957,0.07,36943,54966,1732,69456,
2014,73,48,Washington,0.43,0.41,0.37,2123901,2029189,4928407,5467270,0.08,17345,94112,9880,79928,
2014,56,49,West Virginia,0.32,0.31,0.31,462864,451498,1447652,1472594,0.01,6873,7174,2749,13639,
2014,25,50,Wisconsin,0.57,0.57,0.54,2422248,2410314,4260427,4470265,0.03,22097,46212,20010,67986,
2014,68,51,Wyoming,0.4,0.39,0.37,171153,168390,431434,451484,0.03,2330,5196,715,5955,
2012,0,0,United States,0.59,0.58,0.54,130292355,129070906,222474111,240957993,0.08,1473412,2342582,637410,3352390,5127418
2012,41,1,Alabama,,0.59,0.56,,2074338,3539217,3707440,0.03,32232,57993,8616,71584,
2012,81,2,Alaska,0.59,0.59,0.55,301694,300495,511792,543763,0.04,5633,7173,1882,11317,
2012,61,3,Arizona,0.53,0.53,0.47,2323579,2306559,4387900,4959270,0.1,35188,72452,7460,81048,
2012,42,4,Arkansas,0.51,0.51,0.48,1078548,1069468,2109847,2242740,0.04,14471,30122,23372,53808,
2012,71,5,California,0.56,0.55,0.45,13202158,13038547,23681837,28913129,0.17,119455,0,89287,208742,
2012,62,6,Colorado,0.71,0.7,0.65,2596173,2569522,3675871,3981208,0.07,18807,0,11458,30265,
2012,1,7,Connecticut,0.61,0.61,0.56,1560640,1558960,2543202,2801375,0.09,16935,0,2793,19728,
2012,11,8,Delaware,,0.62,0.58,,413921,663967,715708,0.05,6610,15641,601,15501,
2012,55,9,District of Columbia,0.62,0.62,0.56,294254,293764,477582,528848,0.1,0,0,0,0,
2012,43,10,Florida,0.63,0.63,0.55,8538264,8474179,13495057,15380947,0.11,91954,240869,4538,224153,
2012,44,11,Georgia,0.59,0.59,0.52,3919355,3900050,6606607,7452696,0.07,52737,442061,24761,311790,
2012,82,12,Hawaii,0.45,0.44,0.4,437159,434697,982902,1088335,0.09,5544,0,0,5544,
2012,63,13,Idaho,0.61,0.6,0.56,666290,652274,1091410,1173727,0.05,7985,31606,3848,28584,
2012,21,14,Illinois,0.59,0.59,0.53,5279752,5242014,8899143,9827043,0.09,49348,0,0,49348,
2012,22,15,Indiana,0.56,0.55,0.53,2663368,2624534,4755291,4960376,0.04,28266,0,0,28266,
2012,31,16,Iowa,0.71,0.7,0.67,1589951,1582180,2251748,2356209,0.03,8470,29333,5151,29167,
2012,32,17,Kansas,0.58,0.57,0.54,1182771,1156254,2030686,2162442,0.05,9346,17021,5126,23493,
2012,51,18,Kentucky,0.56,0.56,0.53,1815843,1797212,3229185,3368684,0.02,21863,54511,14419,65173,
2012,45,19,Louisiana,0.61,0.6,0.57,2014548,1994065,3311626,3495847,0.03,40047,41298,28946,90881,
2012,2,20,Maine,0.69,0.68,0.67,724758,713180,1046008,1064779,0.02,0,0,0,0,
2012,52,21,Maryland,0.67,0.67,0.6,2734062,2707327,4063582,4553853,0.09,20871,96640,13195,85285,
2012,3,22,Massachusetts,0.66,0.66,0.6,3184196,3167767,4809675,5263550,0.08,10283,0,0,10283,
2012,23,23,Michigan,0.65,0.65,0.62,4780701,4730961,7312725,7625576,0.04,43019,0,0,43019,
2012,33,24,Minnesota,0.76,0.76,0.71,2950780,2936561,3861598,4114820,0.04,9383,108157,6006,72712,
2012,46,25,Mississippi,,0.59,0.57,,1285584,2166825,2246931,0.02,22305,30768,6804,45416,
2012,34,26,Missouri,,0.62,0.6,,2757323,4432957,4628500,0.03,30714,55470,20672,80785,
2012,64,27,Montana,0.64,0.63,0.62,491966,484048,774476,785454,0.01,3592,0,0,3592,
2012,35,28,Nebraska,0.61,0.6,0.57,804245,794379,1316915,1396507,0.05,4466,14260,1383,13407,
2012,65,29,Nevada,0.57,0.56,0.48,1016664,1014918,1800969,2105976,0.13,12883,11321,5379,24262,
2012,4,30,New Hampshire,0.71,0.7,0.68,718700,710972,1013420,1047978,0.03,2672,0,0,2672,
2012,12,31,New Jersey,0.62,0.62,0.53,3683638,3640292,5918182,6847503,0.12,21759,114886,14987,97636,
2012,66,32,New Mexico,0.55,0.55,0.5,786522,783757,1436363,1573400,0.07,6553,21381,5078,22963,
2012,13,33,New York,0.54,0.53,0.46,7128852,7074723,13324107,15344671,0.13,49889,0,46222,96111,
2012,47,34,North Carolina,0.65,0.65,0.6,4542488,4505372,6947954,7496980,0.06,35567,96070,4359,90843,
2012,36,35,North Dakota,0.6,0.6,0.59,325564,322627,539164,549955,0.02,1500,0,0,1500,
2012,24,36,Ohio,0.65,0.65,0.63,5632423,5580822,8649495,8896930,0.02,50313,0,0,50313,
2012,53,37,Oklahoma,,0.49,0.46,,1334872,2713268,2885093,0.05,25225,25506,2310,41053,
2012,72,38,Oregon,0.64,0.63,0.59,1820507,1789270,2836101,3050747,0.07,13607,0,0,13607,
2012,14,39,Pennsylvania,,0.6,0.57,,5742040,9651432,10037099,0.03,50054,0,0,50054,
2012,5,40,Rhode Island,,0.58,0.53,,446049,768918,834983,0.08,3249,0,0,3249,
2012,48,41,South Carolina,0.57,0.56,0.54,1981516,1964118,3486838,3662322,0.04,21895,34945,6116,46532,
2012,37,42,South Dakota,0.6,0.59,0.58,368270,363815,613190,631472,0.02,3574,0,2761,6335,
2012,54,43,Tennessee,0.52,0.52,0.49,2478870,2458577,4736084,4976284,0.03,28135,64430,13138,75421,
2012,49,44,Texas,,0.5,0.42,,7993851,16119973,19185395,0.14,157564,405473,112288,484753,
2012,67,45,Utah,0.56,0.56,0.51,1028786,1017440,1833339,1978956,0.07,6611,0,0,6611,
2012,6,46,Vermont,0.61,0.61,0.6,301793,299290,493355,502242,0.02,0,0,0,0,
2012,40,47,Virginia,0.67,0.66,0.61,3888186,3854489,5834676,6348827,0.07,36425,52956,1983,66475,
2012,73,48,Washington,0.66,0.65,0.59,3172939,3125516,4822060,5329782,0.08,16355,88339,8895,72070,
2012,56,49,West Virginia,,0.46,0.46,,670438,1447066,1472642,0.01,7052,8573,2052,13648,
2012,25,50,Wisconsin,,0.73,0.7,,3068434,4209370,4417273,0.03,21987,46328,20023,66564,
2012,68,51,Wyoming,0.59,0.59,0.56,250701,249061,425142,441726,0.03,2163,5162,762,5661,
2010,0,0,United States,0.42,0.41,0.38,90912015,89099476,217551109,236022989,0.09,1512225,1321051,629644,3244035,4972217
2010,41,1,Alabama,0.43,0.43,0.41,1503232,1494273,3472582,3661784,0.03,31587,50622,9006,86889,
2010,81,2,Alaska,0.53,0.52,0.49,261128,256192,493764,528744,0.04,5576,6959,2089,13601,
2010,61,3,Arizona,0.42,0.41,0.36,1750840,1727791,4209544,4807398,0.1,35368,52316,7993,96443,
2010,42,4,Arkansas,0.38,0.38,0.35,789773,781333,2081156,2216171,0.04,16047,26995,21106,53752,
2010,71,5,California,0.46,0.44,0.36,10529134,10095485,22946053,28167234,0.18,146412,0,105133,217629,
2010,62,6,Colorado,0.52,0.51,0.47,1828323,1787730,3533054,3843619,0.07,21559,0,11014,28322,
2010,1,7,Connecticut,0.46,0.46,0.42,1153872,1153115,2512981,2765843,0.08,18553,0,2894,20768,
2010,11,8,Delaware,0.49,0.48,0.44,316754,307402,646969,696940,0.06,6307,4448,560,11326,
2010,55,9,District of Columbia,0.3,0.29,0.26,135846,132656,458619,506765,0.1,0,0,0,0,
2010,43,10,Florida,0.42,0.42,0.36,5473787,5411106,12961184,14916066,0.11,97944,165760,4093,272113,
2010,44,11,Georgia,0.41,0.4,0.36,2623035,2576161,6464845,7255919,0.07,54710,185286,25091,254264,
2010,82,12,Hawaii,0.4,0.4,0.36,386302,382563,959531,1062593,0.09,5813,0,0,5912,
2010,63,13,Idaho,0.43,0.42,0.39,459079,452535,1069446,1147210,0.05,7268,13721,3957,23131,
2010,21,14,Illinois,0.43,0.42,0.38,3792770,3729989,8798829,9735944,0.09,46314,0,0,48418,
2010,22,15,Indiana,0.38,0.37,0.36,1791832,1744481,4697111,4896656,0.04,27481,0,0,28028,
2010,31,16,Iowa,0.51,0.5,0.48,1133429,1116063,2234516,2328262,0.03,9276,8862,3197,19916,
2010,32,17,Kansas,0.43,0.42,0.39,857658,838790,2011497,2137815,0.05,8741,3704,5063,15287,
2010,51,18,Kentucky,0.44,0.42,0.41,1417995,1356468,3198093,3332204,0.02,20385,25688,14628,53546,
2010,45,19,Louisiana,0.4,0.39,0.37,1298649,1264994,3249524,3438247,0.03,39335,42599,26202,95145,
2010,2,20,Maine,0.56,0.55,0.54,580584,572766,1038201,1055605,0.02,0,0,0,0,
2010,52,21,Maryland,0.47,0.46,0.42,1868179,1857880,4001034,4449617,0.09,21992,26164,13195,55407,
2010,3,22,Massachusetts,0.49,0.49,0.45,2319963,2297039,4693670,5152976,0.09,10429,0,0,11312,
2010,23,23,Michigan,0.45,0.45,0.43,3268217,3226088,7245281,7555742,0.04,43499,0,0,44113,
2010,33,24,Minnesota,0.56,0.55,0.52,2123369,2107021,3802677,4041199,0.05,9281,42661,5807,55361,
2010,46,25,Mississippi,,0.37,0.36,,788549,2129334,2220094,0.02,21067,26793,6434,51077,
2010,34,26,Missouri,0.46,0.45,0.42,1997271,1943899,4366435,4581260,0.03,30178,54916,19421,95250,
2010,64,27,Montana,0.48,0.48,0.47,367096,360341,758653,770601,0.01,3706,0,0,3716,
2010,35,28,Nebraska,0.39,0.38,0.36,503514,487988,1301483,1375023,0.05,4324,4080,941,9138,
2010,65,29,Nevada,0.41,0.41,0.35,723515,721404,1747288,2046400,0.14,12653,8067,4964,23202,
2010,4,30,New Hampshire,0.46,0.46,0.44,461423,456588,999918,1033023,0.03,2694,0,0,2761,
2010,12,31,New Jersey,0.38,0.36,0.31,2200974,2121584,5834037,6750869,0.12,25007,57517,15563,90306,
2010,66,32,New Mexico,0.45,0.43,0.39,630013,602827,1408872,1552212,0.08,6541,14855,3146,23087,
2010,13,33,New York,0.36,0.36,0.31,4763899,4658586,13135048,15111583,0.13,50668,0,48542,80927,
2010,47,34,North Carolina,0.4,0.39,0.36,2700706,2660079,6785463,7310093,0.06,38341,36740,3621,78667,
2010,36,35,North Dakota,0.47,0.46,0.45,241039,238812,516974,527497,0.02,1480,0,0,1487,
2010,24,36,Ohio,0.46,0.45,0.44,3956028,3852453,8571952,8826908,0.02,51116,0,0,51712,
2010,53,37,Oklahoma,0.39,0.39,0.36,1043507,1034767,2666767,2839030,0.04,25893,20601,2627,48167,
2010,72,38,Oregon,0.54,0.53,0.49,1487210,1453548,2760607,2984806,0.07,12262,0,0,14014,
2010,14,39,Pennsylvania,0.42,0.42,0.4,4055336,3987551,9565822,9946290,0.03,50116,0,0,51264,
2010,5,40,Rhode Island,0.45,0.45,0.41,346357,342290,763534,829913,0.08,3357,0,0,3357,
2010,48,41,South Carolina,0.4,0.4,0.38,1365480,1344198,3388417,3571250,0.04,23074,21144,6412,47928,
2010,37,42,South Dakota,0.54,0.53,0.52,323410,317083,599507,616113,0.02,3373,0,2843,4856,
2010,54,43,Tennessee,0.35,0.35,0.33,1620619,1601549,4622919,4878724,0.04,27213,52178,12157,85708,
2010,49,44,Texas,0.33,0.32,0.27,5066957,4979870,15514007,18487369,0.14,164507,247136,104763,473167,
2010,67,45,Utah,0.37,0.36,0.34,653274,643307,1772934,1914974,0.07,6536,0,0,6807,
2010,6,46,Vermont,0.5,0.49,0.49,243617,241605,488942,498254,0.02,0,0,0,0,
2010,40,47,Virginia,0.39,0.39,0.35,2214505,2189841,5660589,6194717,0.07,36020,56654,2624,95376,
2010,73,48,Washington,0.54,0.53,0.48,2565589,2511094,4724350,5190736,0.08,17331,15452,6956,37165,
2010,56,49,West Virginia,0.37,0.37,0.36,536493,529948,1442003,1468812,0.01,6673,6650,1796,14229,
2010,25,50,Wisconsin,0.52,0.52,0.5,2185021,2171331,4172130,4365214,0.03,22724,22602,19572,55112,
2010,68,51,Wyoming,0.46,0.46,0.44,190822,188463,414536,430673,0.02,2059,3231,682,5684,
2008,0,0,United States,0.62,0.62,0.57,132609063,131304731,213313508,230872030,0.08,1605448,2451085,627680,3144831,4972217
2008,41,1,Alabama,0.61,0.61,0.58,2105622,2099819,3454510,3595708,0.02,30508,53252,8042,61155,74079
2008,81,2,Alaska,0.68,0.68,0.64,327341,326197,479429,507645,0.04,5014,6708,1732,9234,60686
2008,61,3,Arizona,0.57,0.57,0.49,2320851,2293475,4046075,4673718,0.12,39589,82232,7534,84472,90036
2008,42,4,Arkansas,0.53,0.53,0.5,1095958,1086617,2071563,2174846,0.03,14716,31169,19908,40255,43963
2008,71,5,California,0.62,0.61,0.5,13743177,13561900,22261504,27411094,0.18,173670,0,120753,234047,486207
2008,62,6,Colorado,0.72,0.71,0.65,2422236,2401361,3382959,3708955,0.08,23274,0,11654,29101,71854
2008,1,7,Connecticut,,0.67,0.6,,1646792,2471082,2725917,0.09,20661,0,2328,21825,45799
2008,11,8,Delaware,0.66,0.66,0.61,413562,412398,628200,680493,0.05,7075,17216,551,15959,12658
2008,55,9,District of Columbia,0.62,0.62,0.55,266871,265853,432566,481971,0.1,0,0,0,0,6916
2008,43,10,Florida,0.67,0.66,0.58,8453743,8390744,12687407,14558436,0.11,102388,279760,4528,244532,451907
2008,44,11,Georgia,0.63,0.63,0.56,3940705,3924440,6281872,7063638,0.07,52719,397081,23448,262984,141001
2008,82,12,Hawaii,0.49,0.49,0.44,456064,453568,930067,1036088,0.1,5955,0,0,5955,20090
2008,63,13,Idaho,0.65,0.64,0.59,667506,655032,1029416,1117842,0.05,7290,49513,3361,33727,26779
2008,21,14,Illinois,0.64,0.64,0.57,5578195,5523051,8681138,9615700,0.09,45474,0,0,45474,200530
2008,22,15,Indiana,0.6,0.59,0.57,2805986,2751054,4653019,4826231,0.03,28322,0,0,28322,89605
2008,31,16,Iowa,0.7,0.69,0.67,1543662,1537123,2216094,2298515,0.03,8766,22958,3159,21825,43108
2008,32,17,Kansas,0.64,0.62,0.59,1264208,1235872,1991759,2100084,0.04,8539,16263,4958,19150,42495
2008,51,18,Kentucky,0.59,0.58,0.56,1858578,1826508,3152629,3277617,0.02,21706,51035,12277,53362,58518
2008,45,19,Louisiana,0.62,0.61,0.59,1979852,1960761,3205794,3342279,0.02,38381,40025,24636,70712,68285
2008,2,20,Maine,0.72,0.71,0.7,744456,731163,1036242,1049816,0.01,0,0,0,0,21362
2008,52,21,Maryland,0.68,0.67,0.61,2661905,2631596,3925117,4342850,0.08,23324,96360,13220,78114,77074
2008,3,22,Massachusetts,0.67,0.67,0.61,3102995,3080985,4612550,5058035,0.09,11408,0,0,11408,77830
2008,23,23,Michigan,0.7,0.69,0.66,5039080,5001766,7229512,7528460,0.03,48738,0,0,48738,163673
2008,33,24,Minnesota,0.78,0.78,0.73,2921147,2910369,3740142,3975974,0.04,9910,127627,5081,76264,70063
2008,46,25,Mississippi,,0.61,0.59,,1289856,2113347,2190402,0.02,22754,22267,2922,35349,45082
2008,34,26,Missouri,0.68,0.68,0.65,2950504,2925205,4327572,4507688,0.03,30186,57360,20683,69208,96710
2008,64,27,Montana,0.67,0.66,0.65,497599,491960,741853,755384,0.01,3545,0,0,3545,22898
2008,35,28,Nebraska,0.64,0.63,0.59,811923,801281,1274719,1348048,0.04,4520,19606,846,14746,27311
2008,65,29,Nevada,0.57,0.57,0.48,970019,967848,1696831,2000277,0.14,12743,13337,3908,21366,45656
2008,4,30,New Hampshire,0.73,0.72,0.7,719643,710970,992226,1021787,0.03,2702,0,0,2702,25558
2008,12,31,New Jersey,0.68,0.67,0.58,3910220,3868237,5776527,6651284,0.12,25953,128737,15849,98246,110559
2008,66,32,New Mexico,0.61,0.61,0.55,833365,830158,1362629,1505830,0.08,6402,20883,3724,18706,31444
2008,13,33,New York,0.6,0.59,0.51,7721718,7640640,12948969,14876971,0.12,60347,0,52225,86460,263787
2008,47,34,North Carolina,0.66,0.66,0.61,4354571,4310789,6584302,7096503,0.06,39482,109678,3409,96026,133483
2008,36,35,North Dakota,0.64,0.63,0.62,321133,316621,504762,512768,0.01,1452,0,0,1452,11179
2008,24,36,Ohio,0.68,0.67,0.65,5773777,5698260,8513079,8757453,0.02,51686,0,0,51686,174703
2008,53,37,Oklahoma,0.56,0.56,0.53,1474694,1462661,2619121,2770219,0.04,25864,27940,3073,41371,57046
2008,72,38,Oregon,0.68,0.68,0.63,1845251,1827864,2700327,2916246,0.07,14167,0,0,14167,63480
2008,14,39,Pennsylvania,0.64,0.64,0.61,6071357,6012692,9457942,9813664,0.03,49215,0,0,49215,203791
2008,5,40,Rhode Island,0.62,0.62,0.57,475428,471766,763608,825786,0.07,4045,0,0,4045,13827
2008,48,41,South Carolina,0.58,0.58,0.55,1927153,1920969,3311044,3473488,0.03,24326,41254,1947,45927,72241
2008,37,42,South Dakota,0.66,0.65,0.63,387449,381975,590720,602539,0.01,3342,0,2720,4702,20144
2008,54,43,Tennessee,0.57,0.57,0.55,2618238,2599749,4563192,4771926,0.03,27228,58109,10578,61572,127930
2008,49,44,Texas,,0.54,0.46,,8077795,14929810,17756112,0.14,172506,427080,102921,437507,549216
2008,67,45,Utah,0.57,0.56,0.52,971185,952370,1700286,1840087,0.07,6552,0,0,6552,31783
2008,6,46,Vermont,0.68,0.67,0.66,326822,325046,482677,492610,0.02,0,0,0,0,10546
2008,40,47,Virginia,0.68,0.67,0.62,3753059,3723260,5555415,6022123,0.07,38276,53614,4471,67319,124689
2008,73,48,Washington,0.67,0.67,0.6,3071587,3036878,4561163,5032960,0.08,17926,113134,11768,80377,138296
2008,56,49,West Virginia,0.51,0.5,0.49,731691,713362,1430439,1453045,0.01,6059,8283,2005,11203,33788
2008,25,50,Wisconsin,0.73,0.72,0.69,2997086,2983417,4120694,4306876,0.03,23379,50418,18105,57641,78721
2008,68,51,Wyoming,0.63,0.63,0.61,256035,254658,405732,418040,0.02,2084,5438,727,5167,13832
2006,0,0,United States,0.41,0.4,0.37,85769132,83815592,207643594,225485399,0.09,1566526,2418574,587305,3363118,4417527
2006,41,1,Alabama,,0.38,0.36,,1250401,3338467,3513952,0.02,28241,55766,7795,63919,
2006,81,2,Alaska,0.51,0.51,0.48,238307,237322,465169,492452,0.05,5069,6095,973,9090,
2006,61,3,Arizona,0.4,0.39,0.33,1553032,1526782,3923786,4490327,0.13,35892,73265,6213,78738,
2006,42,4,Arkansas,0.39,0.39,0.36,780409,774680,2004193,2130080,0.03,13729,31508,16666,46149,
2006,71,5,California,0.41,0.4,0.32,8899059,8679416,21582217,26739781,0.19,175512,0,111744,287256,
2006,62,6,Colorado,0.48,0.47,0.43,1586105,1558405,3297308,3569901,0.08,22481,0,8196,30677,
2006,1,7,Connecticut,0.48,0.47,0.43,1162391,1134780,2437559,2683538,0.08,20566,0,2571,23137,
2006,11,8,Delaware,0.43,0.42,0.39,258053,254099,601341,659410,0.05,7206,16958,600,16285,
2006,55,9,District of Columbia,0.29,0.28,0.26,122356,120620,426612,466827,0.1,0,0,0,0,
2006,43,10,Florida,0.4,0.4,0.34,4884544,4829270,12187858,14211669,0.12,92969,272977,4785,234243,
2006,44,11,Georgia,0.35,0.35,0.31,2143845,2122258,6115331,6799654,0.07,52792,422790,22851,287038,
2006,82,12,Hawaii,0.38,0.38,0.35,348988,344315,908925,1012975,0.08,5967,0,0,5967,
2006,63,13,Idaho,0.46,0.45,0.42,458927,450832,993010,1072895,0.04,7124,48609,2482,33911,
2006,21,14,Illinois,0.41,0.4,0.36,3586292,3486671,8667453,9483856,0.09,45106,0,0,45106,
2006,22,15,Indiana,0.38,0.37,0.35,1719351,1666922,4559294,4743856,0.03,26091,0,0,26091,
2006,31,16,Iowa,0.49,0.48,0.46,1071509,1048033,2178322,2267991,0.03,8875,22622,3560,23746,
2006,32,17,Kansas,0.44,0.44,0.41,864083,849700,1948850,2062668,0.05,8816,15518,4666,21241,
2006,51,18,Kentucky,0.44,0.4,0.39,1370062,1253526,3100828,3218000,0.02,20000,41162,10162,50743,
2006,45,19,Louisiana,0.31,0.3,0.28,954896,902498,3043573,3239317,0.02,37012,38057,24072,80113,
2006,2,20,Maine,,0.54,0.53,,550865,1016287,1037200,0.02,0,0,0,0,
2006,52,21,Maryland,0.47,0.47,0.42,1809237,1788316,3833349,4261205,0.08,22945,75698,14271,75065,
2006,3,22,Massachusetts,0.49,0.49,0.44,2243835,2219779,4552794,4970780,0.09,11032,0,0,11032,
2006,23,23,Michigan,0.53,0.52,0.5,3852008,3801256,7292624,7532918,0.04,51577,0,0,51577,
2006,33,24,Minnesota,0.61,0.6,0.56,2217552,2202987,3667707,3896561,0.04,9108,127289,4007,76760,
2006,46,25,Mississippi,,0.29,0.29,,610921,2077420,2154112,0.01,21068,24107,1970,35092,
2006,34,26,Missouri,0.51,0.5,0.48,2178278,2128459,4253541,4427266,0.02,30167,54963,18374,76023,
2006,64,27,Montana,0.57,0.56,0.56,411061,406505,720447,734669,0.01,3572,0,0,3572,
2006,35,28,Nebraska,0.49,0.48,0.45,610499,596087,1251027,1325932,0.04,4407,18731,662,14435,
2006,65,29,Nevada,0.37,0.37,0.31,586274,582572,1579222,1907976,0.14,12901,13208,3518,23023,
2006,4,30,New Hampshire,0.43,0.41,0.4,418550,403531,975281,1006234,0.03,2805,0,0,2805,
2006,12,31,New Jersey,0.41,0.4,0.34,2315643,2250070,5701033,6565183,0.12,27371,132636,13874,107563,
2006,66,32,New Mexico,0.43,0.43,0.39,568597,561084,1320285,1464560,0.08,6639,16493,2831,17717,
2006,13,33,New York,0.37,0.35,0.3,4703830,4490053,12878632,14665626,0.12,63315,0,53533,116848,
2006,47,34,North Carolina,0.33,0.31,0.29,2036451,1940808,6264630,6799585,0.06,37460,110419,3101,95771,
2006,36,35,North Dakota,0.45,0.45,0.44,220479,218152,486142,503647,0.02,1363,0,0,1363,
2006,24,36,Ohio,0.5,0.48,0.46,4184072,4022754,8461211,8687609,0.02,49166,0,0,49166,
2006,53,37,Oklahoma,,0.36,0.34,,926462,2547224,2709819,0.04,26243,27415,4329,44280,
2006,72,38,Oregon,0.53,0.53,0.48,1399650,1379475,2628937,2829482,0.07,13707,0,0,13707,
2006,14,39,Pennsylvania,,0.44,0.43,,4096077,9283762,9680466,0.03,44397,0,0,44397,
2006,5,40,Rhode Island,0.52,0.51,0.47,392882,384993,754219,824887,0.08,3996,0,0,3996,
2006,48,41,South Carolina,0.35,0.35,0.33,1117311,1091952,3152046,3332190,0.03,23616,38353,3072,45865,
2006,37,42,South Dakota,0.59,0.58,0.56,341105,335508,580592,589178,0.01,3359,0,2444,5803,
2006,54,43,Tennessee,0.42,0.41,0.4,1868363,1833695,4433921,4641909,0.03,25745,52558,8630,60654,
2006,49,44,Texas,,0.31,0.26,,4399068,14255313,17029802,0.13,172116,431967,101916,490016,
2006,67,45,Utah,0.35,0.34,0.32,582561,571252,1664323,1752158,0.07,6430,0,0,6430,
2006,6,46,Vermont,0.55,0.55,0.54,263025,262726,478247,487141,0.02,0,0,0,0,
2006,40,47,Virginia,0.45,0.44,0.41,2398589,2370445,5385522,5867219,0.07,36688,48144,4499,65259,
2006,73,48,Washington,0.47,0.47,0.43,2085074,2083734,4403981,4861001,0.08,17561,108076,11568,83167,
2006,56,49,West Virginia,0.34,0.33,0.32,473014,459884,1401490,1439052,0.01,5733,7668,1416,10983,
2006,25,50,Wisconsin,0.54,0.53,0.51,2183155,2161700,4064432,4240696,0.03,23431,55806,15907,67241,
2006,68,51,Wyoming,0.52,0.51,0.49,196217,193892,379127,400187,0.02,2114,5225,609,5336,
2004,0,0,United States,0.61,0.6,0.55,123535883,122294978,203483455,220336019,0.08,1490169,2387283,474632,3158443,3862836
2004,41,1,Alabama,0.57,0.57,0.55,1890317,1883415,3292608,3427542,0.02,26521,36795,7745,52664,
2004,81,2,Alaska,0.7,0.69,0.65,314502,312598,452124,476378,0.04,4515,5547,951,8240,
2004,61,3,Arizona,0.55,0.54,0.47,2038069,2012585,3717055,4215706,0.12,31631,69343,5671,71974,
2004,42,4,Arkansas,0.54,0.54,0.51,1070573,1054945,1969208,2072986,0.03,13477,29128,14844,42885,
2004,71,5,California,0.6,0.59,0.47,12589367,12421852,21132533,26246548,0.19,166053,0,110261,276314,
2004,62,6,Colorado,0.67,0.67,0.61,2148036,2129630,3192647,3443164,0.08,19756,0,7383,27139,
2004,1,7,Connecticut,0.66,0.65,0.6,1607808,1578769,2429634,2652587,0.07,20018,0,2552,22570,
2004,11,8,Delaware,0.65,0.64,0.59,377407,375190,584817,635370,0.05,6973,18725,539,16875,
2004,55,9,District of Columbia,0.55,0.54,0.49,230105,227586,419142,458758,0.1,0,0,0,0,
2004,43,10,Florida,0.65,0.64,0.56,7640319,7609810,11811921,13643828,0.11,84733,281170,4888,230206,
2004,44,11,Georgia,0.56,0.56,0.5,3317336,3301875,5878186,6499325,0.07,48625,419350,23344,281644,
2004,82,12,Hawaii,0.49,0.48,0.44,431662,429013,889540,982882,0.08,5946,0,0,5946,
2004,63,13,Idaho,0.65,0.63,0.59,612786,598376,946160,1016255,0.04,6312,44580,2370,30972,
2004,21,14,Illinois,0.62,0.62,0.56,5350493,5274322,8576696,9391420,0.09,44379,0,0,44379,
2004,22,15,Indiana,0.56,0.55,0.53,2512142,2468002,4504260,4660157,0.03,23760,0,0,23760,
2004,31,16,Iowa,0.71,0.7,0.67,1521966,1506908,2156389,2239979,0.03,8611,22832,3317,23344,
2004,32,17,Kansas,0.63,0.62,0.58,1213108,1187756,1928764,2032763,0.04,9152,14309,4525,20832,
2004,51,18,Kentucky,0.59,0.59,0.57,1816867,1795860,3057741,3157464,0.02,17763,33286,8006,42412,
2004,45,19,Louisiana,0.62,0.61,0.59,1956590,1943106,3182762,3379937,0.02,36745,38470,24387,80367,
2004,2,20,Maine,0.75,0.74,0.73,751519,740752,1003792,1022043,0.02,0,0,0,0,
2004,52,21,Maryland,0.63,0.63,0.57,2395791,2386705,3797264,4179376,0.07,23727,76676,14351,76416,
2004,3,22,Massachusetts,0.65,0.64,0.59,2927455,2912388,4533859,4935787,0.08,10365,0,0,10365,
2004,23,23,Michigan,0.67,0.67,0.64,4875692,4839252,7263024,7508568,0.03,48591,0,0,48591,
2004,33,24,Minnesota,0.79,0.78,0.74,2842912,2828387,3609185,3819020,0.04,8613,114226,3872,69598,
2004,46,25,Mississippi,,0.56,0.54,,1152365,2068766,2133681,0.01,20429,21324,1979,33070,
2004,34,26,Missouri,0.66,0.65,0.63,2764635,2731364,4180960,4339414,0.02,30775,53832,17400,75091,
2004,64,27,Montana,0.65,0.64,0.63,456096,450445,699114,711858,0.01,3800,0,0,3800,
2004,35,28,Nebraska,0.64,0.63,0.6,792906,778186,1236522,1305430,0.04,4042,17994,805,13844,
2004,65,29,Nevada,0.55,0.55,0.47,831563,829587,1501437,1776962,0.13,10971,12521,3610,20842,
2004,4,30,New Hampshire,0.72,0.71,0.68,683672,677738,956422,984422,0.03,2441,0,0,2441,
2004,12,31,New Jersey,0.64,0.64,0.55,3638153,3611691,5663201,6513394,0.12,28107,143315,14180,113945,
2004,66,32,New Mexico,0.6,0.59,0.54,775301,756304,1282767,1411419,0.07,6341,17725,2676,17880,
2004,13,33,New York,0.59,0.58,0.5,7448266,7391249,12738056,14598898,0.13,64596,0,54524,119120,
2004,47,34,North Carolina,0.59,0.58,0.54,3552449,3501007,6055771,6505150,0.05,34917,111537,2882,93568,
2004,36,35,North Dakota,0.66,0.65,0.64,316049,312833,482722,496479,0.01,1266,0,0,1266,
2004,24,36,Ohio,0.68,0.67,0.65,5722443,5627908,8427696,8624277,0.02,44770,0,0,44770,
2004,53,37,Oklahoma,,0.58,0.55,,1463758,2510823,2649994,0.03,24767,28435,4329,43314,
2004,72,38,Oregon,0.73,0.72,0.67,1851671,1836782,2550887,2736472,0.07,13219,0,0,13219,
2004,14,39,Pennsylvania,,0.63,0.61,,5769590,9221962,9554349,0.03,40692,0,0,40692,
2004,5,40,Rhode Island,0.59,0.59,0.53,440228,437134,747046,827513,0.08,3701,26085,368,17112,
2004,48,41,South Carolina,0.53,0.53,0.51,1626720,1617730,3055098,3198733,0.03,24173,38856,2217,45818,
2004,37,42,South Dakota,0.69,0.68,0.67,394930,388215,569161,576472,0.01,3101,0,0,3101,
2004,54,43,Tennessee,0.57,0.56,0.54,2456610,2437319,4328446,4496929,0.03,25834,47392,8410,57940,
2004,49,44,Texas,,0.54,0.45,,7410765,13796256,16284659,0.13,169110,428773,102072,485569,
2004,67,45,Utah,0.6,0.59,0.55,942010,927844,1574463,1664066,0.07,5802,0,0,5802,
2004,6,46,Vermont,0.67,0.66,0.65,314220,312309,470754,480053,0.02,0,0,0,0,
2004,40,47,Virginia,0.61,0.61,0.56,3223156,3198367,5277156,5699175,0.06,35472,43470,4392,61599,
2004,73,48,Washington,0.68,0.67,0.61,2883499,2859084,4272914,4683829,0.07,16559,125222,120,79290,
2004,56,49,West Virginia,0.55,0.54,0.53,769645,755887,1396545,1425689,0.01,4980,6977,1216,9685,
2004,25,50,Wisconsin,0.75,0.75,0.72,3016288,2997007,4006948,4172068,0.03,22905,54970,13883,64273,
2004,68,51,Wyoming,0.66,0.66,0.64,245789,243428,370785,386796,0.02,1923,4418,563,4695,
2002,0,0,United States,0.41,0.4,0.36,80295249,78381943,198381939,215461549,0.08,1456927,2451708,485282,3168063,3308145
2002,41,1,Alabama,,0.42,0.4,,1364602,3285643,3371451,0.02,28440,39713,5309,53606,
2002,81,2,Alaska,0.55,0.54,0.51,232852,231484,427337,457154,0.04,4431,5229,900,7946,
2002,61,3,Arizona,0.37,0.36,0.31,1255615,1226111,3419481,3998148,0.11,30741,66485,4587,68571,
2002,42,4,Arkansas,0.42,0.41,0.4,814176,805696,1951568,2031787,0.03,12378,27377,12128,38195,
2002,71,5,California,0.37,0.36,0.29,7738821,7476351,20733192,25622609,0.19,163361,0,113185,276546,
2002,62,6,Colorado,0.47,0.46,0.42,1424029,1416093,3056465,3362098,0.07,19085,0,6215,25300,
2002,1,7,Connecticut,0.45,0.42,0.39,1090756,1022942,2418037,2617814,0.07,20525,0,2186,22711,
2002,11,8,Delaware,,0.41,0.38,,232314,564938,612919,0.04,6879,20201,551,17531,
2002,55,9,District of Columbia,,0.3,0.27,,124228,412062,458631,0.1,0,0,0,0,
2002,43,10,Florida,0.46,0.46,0.4,5143674,5100581,11194391,13005435,0.11,80352,291315,5223,231233,
2002,44,11,Georgia,,0.35,0.32,,2031604,5731983,6287215,0.07,47004,367349,20822,251501,
2002,82,12,Hawaii,0.44,0.44,0.4,385462,382110,872992,950520,0.08,5635,0,0,5635,
2002,63,13,Idaho,0.45,0.45,0.42,416533,411477,921256,970916,0.04,5825,31361,1961,23467,
2002,21,14,Illinois,0.43,0.41,0.38,3651808,3538883,8540965,9302571,0.09,43186,0,0,43186,
2002,22,15,Indiana,0.35,0.34,0.33,1562037,1521353,4494191,4587747,0.03,22576,0,0,22576,
2002,31,16,Iowa,0.49,0.48,0.46,1040201,1023075,2136683,2214936,0.03,8395,19970,2787,21167,
2002,32,17,Kansas,0.45,0.44,0.41,851966,835692,1897261,2007407,0.04,9009,15217,3990,20608,
2002,51,18,Kentucky,,0.37,0.36,,1131313,3044267,3100972,0.02,16377,24480,5968,34585,
2002,45,19,Louisiana,0.4,0.39,0.38,1267225,1246333,3163663,3312330,0.02,36091,36257,23049,77269,
2002,2,20,Maine,,0.51,0.5,,505190,995056,1001796,0.02,0,0,0,0,
2002,52,21,Maryland,0.47,0.46,0.42,1721626,1704560,3678346,4082694,0.07,24186,81982,13271,78448,
2002,3,22,Massachusetts,0.5,0.49,0.44,2220301,2194189,4458820,4919958,0.08,10511,0,0,10511,
2002,23,23,Michigan,0.45,0.45,0.42,3219864,3177565,7147888,7445335,0.03,49524,0,0,49524,
2002,33,24,Minnesota,,0.64,0.6,,2254639,3518184,3745577,0.04,7612,122692,3577,72535,
2002,46,25,Mississippi,,0.3,0.29,,615609,2047426,2099698,0.01,20542,16633,1816,30675,
2002,34,26,Missouri,,0.46,0.44,,1877620,4116889,4262146,0.02,30649,54584,13533,71474,
2002,64,27,Montana,0.5,0.48,0.48,340272,331321,684572,690652,0.01,3440,0,0,3440,
2002,35,28,Nebraska,,0.4,0.37,,480991,1204512,1285024,0.04,4103,16468,574,12911,
2002,65,29,Nevada,0.37,0.36,0.31,512433,504079,1391100,1640679,0.13,10527,12290,3971,20643,
2002,4,30,New Hampshire,0.49,0.48,0.46,453078,447135,930362,960401,0.03,2483,0,0,2483,
2002,12,31,New Jersey,0.39,0.38,0.33,2161105,2112604,5549726,6448445,0.12,28213,134290,12576,107934,
2002,66,32,New Mexico,0.4,0.39,0.36,502230,484229,1255086,1360130,0.07,6173,16287,1962,16279,
2002,13,33,New York,0.37,0.36,0.31,4690968,4579078,12679865,14504792,0.13,65914,0,55990,121904,
2002,47,34,North Carolina,,0.4,0.37,,2331181,5876705,6314679,0.05,33334,112900,2805,92589,
2002,36,35,North Dakota,0.5,0.49,0.48,237224,231030,476251,486797,0.01,1168,0,0,1168,
2002,24,36,Ohio,0.4,0.39,0.38,3356285,3228992,8322521,8556557,0.02,45831,0,0,45831,
2002,53,37,Oklahoma,,0.41,0.4,,1035620,2513143,2610016,0.03,23004,29881,3573,41518,
2002,72,38,Oregon,0.52,0.51,0.47,1293756,1267221,2495739,2674581,0.07,12422,0,0,12422,
2002,14,39,Pennsylvania,,0.39,0.37,,3545431,9143001,9454338,0.03,40545,0,0,40545,
2002,5,40,Rhode Island,0.45,0.45,0.4,337027,331834,741776,819310,0.07,3569,25914,384,16910,
2002,48,41,South Carolina,,0.37,0.36,,1102010,2982810,3100548,0.03,24247,41574,3491,48525,
2002,37,42,South Dakota,0.61,0.61,0.6,340407,337497,556154,564305,0.01,3059,0,0,3059,
2002,54,43,Tennessee,,0.4,0.37,,1644741,4151834,4393757,0.03,25409,42712,7949,54714,
2002,49,44,Texas,0.35,0.34,0.29,4552059,4514012,13181016,15718593,0.12,164222,434486,103068,484533,
2002,67,45,Utah,0.38,0.37,0.35,568290,557153,1504529,1601707,0.07,5594,0,0,5594,
2002,6,46,Vermont,0.49,0.49,0.48,232993,230161,471403,472402,0.02,0,0,0,0,
2002,40,47,Virginia,0.32,0.29,0.27,1661915,1489422,5138270,5536511,0.06,34733,40359,4530,59443,
2002,73,48,Washington,0.44,0.42,0.38,1808720,1739116,4162032,4553733,0.07,16284,171603,95,102181,
2002,56,49,West Virginia,0.32,0.31,0.31,440156,436183,1398124,1413580,0.01,4703,6430,999,8917,
2002,25,50,Wisconsin,,0.45,0.43,,1775349,3908088,4094028,0.03,22366,54614,11088,60761,
2002,68,51,Wyoming,0.51,0.5,0.49,188028,185459,370488,376121,0.02,1809,4596,570,4677,
2000,0,0,United States,0.55,0.54,0.5,107390107,105375486,194331436,210623408,0.08,1377013,2339388,536039,3082746,2937000
2000,41,1,Alabama,,0.52,0.5,,1672551,3241682,3334576,0.02,26225,40178,5484,51798,
2000,81,2,Alaska,0.69,0.68,0.65,287825,285560,419111,440296,0.03,4173,4779,525,7088,
2000,61,3,Arizona,0.46,0.46,0.4,1559520,1532016,3357701,3816498,0.1,26510,59810,3474,59889,
2000,42,4,Arkansas,,0.48,0.46,,921781,1925961,2001774,0.02,11915,28409,8659,34779,
2000,71,5,California,0.57,0.56,0.44,11142843,10965849,19685258,24867252,0.19,163001,0,117647,280648,
2000,62,6,Colorado,,0.58,0.54,,1741368,3026316,3246521,0.07,16833,0,5500,22333,
2000,1,7,Connecticut,0.63,0.62,0.57,1474103,1459525,2357687,2575243,0.07,18355,47636,1868,44041,
2000,11,8,Delaware,,0.59,0.55,,327529,554863,594256,0.04,6921,20052,579,17526,
2000,55,9,District of Columbia,,0.48,0.44,,201355,416696,458301,0.1,7456,0,0,7456,
2000,43,10,Florida,0.58,0.56,0.48,6138765,5963110,10667193,12475387,0.1,71319,296139,5982,225371,
2000,44,11,Georgia,0.48,0.46,0.42,2684951,2583208,5639668,6087332,0.06,44232,321407,21556,226492,
2000,82,12,Hawaii,0.45,0.44,0.4,371113,367951,832642,923737,0.08,5053,0,0,5053,
2000,63,13,Idaho,0.59,0.57,0.54,516647,501615,877406,935443,0.04,5535,35103,1409,24496,
2000,21,14,Illinois,0.59,0.56,0.51,4932192,4742123,8432600,9208908,0.09,45281,0,0,45281,
2000,22,15,Indiana,0.51,0.49,0.48,2246348,2182295,4424909,4527523,0.02,20125,0,0,20125,
2000,31,16,Iowa,,0.63,0.6,,1315563,2082950,2199529,0.02,7955,21147,2763,21292,
2000,32,17,Kansas,0.57,0.56,0.54,1092716,1072216,1927950,1983933,0.04,8344,0,3829,12173,
2000,51,18,Kentucky,0.53,0.52,0.5,1568058,1544107,2955628,3059582,0.02,14919,19620,4614,29343,
2000,45,19,Louisiana,0.57,0.56,0.54,1776133,1765656,3130267,3260060,0.02,35207,35854,22860,75994,
2000,2,20,Maine,,0.67,0.66,,651817,969292,979314,0.02,0,0,0,0,
2000,52,21,Maryland,0.56,0.56,0.51,2036455,2025480,3649631,3972224,0.06,23538,81523,13666,77966,
2000,3,22,Massachusetts,0.61,0.6,0.55,2736006,2704984,4517052,4870470,0.08,0,0,0,0,
2000,23,23,Michigan,0.61,0.6,0.57,4279299,4232501,7070702,7370524,0.03,47718,0,0,47718,
2000,33,24,Minnesota,0.7,0.7,0.66,2458303,2438657,3506432,3662005,0.04,6238,115906,3072,67263,
2000,46,25,Mississippi,,0.49,0.48,,994184,2024650,2076861,0.01,20241,15118,1596,29396,
2000,34,26,Missouri,,0.58,0.56,,2359892,4052255,4190073,0.02,27382,53299,12563,66595,
2000,64,27,Montana,0.63,0.62,0.61,417916,410986,667525,676065,0.01,3105,0,0,3105,
2000,35,28,Nebraska,0.58,0.57,0.55,707223,696983,1224178,1266496,0.03,3895,21483,476,15113,
2000,65,29,Nevada,0.46,0.45,0.4,613360,608970,1346116,1523209,0.12,10063,12189,4056,20214,
2000,4,30,New Hampshire,0.65,0.64,0.61,578656,569081,890622,934176,0.03,2257,0,0,2257,
2000,12,31,New Jersey,0.59,0.57,0.5,3293378,3187226,5601788,6356954,0.11,29784,130610,11709,106798,
2000,66,32,New Mexico,0.5,0.49,0.45,615607,598605,1234088,1318129,0.06,5342,10461,1670,12243,
2000,13,33,New York,0.56,0.55,0.48,6960215,6821999,12380208,14344348,0.13,70198,0,57858,128056,
2000,47,34,North Carolina,0.53,0.51,0.48,3015964,2911262,5744241,6143214,0.05,31532,105949,3352,87859,
2000,36,35,North Dakota,0.61,0.6,0.6,292249,288256,477968,482078,0.01,1076,0,0,1076,
2000,24,36,Ohio,0.58,0.57,0.55,4795989,4705457,8295592,8487355,0.02,45833,0,0,45833,
2000,53,37,Oklahoma,,0.5,0.48,,1234229,2475220,2568304,0.03,23181,30969,1825,40491,
2000,72,38,Oregon,0.66,0.65,0.59,1559215,1533968,2364402,2595354,0.06,10580,0,0,10580,
2000,14,39,Pennsylvania,,0.54,0.52,,4912185,9086897,9375146,0.02,36847,0,0,36847,
2000,5,40,Rhode Island,0.55,0.54,0.51,412074,408783,753877,804417,0.07,3286,20922,331,14078,
2000,48,41,South Carolina,0.49,0.47,0.46,1433533,1382717,2944326,3025380,0.02,21778,44632,4378,48472,
2000,37,42,South Dakota,0.59,0.58,0.57,322159,316269,548498,554875,0.01,2616,0,0,2616,
2000,54,43,Tennessee,0.51,0.5,0.48,2100241,2076181,4162996,4316391,0.02,22166,40682,8093,50600,
2000,49,44,Texas,0.49,0.49,0.42,6407637,6407037,13033081,15138468,0.11,166719,441848,111719,499362,
2000,67,45,Utah,0.55,0.54,0.5,784582,770754,1431668,1534950,0.06,5632,0,0,5632,
2000,6,46,Vermont,0.65,0.64,0.63,297146,294308,459174,463503,0.02,0,0,0,0,
2000,40,47,Virginia,0.55,0.54,0.51,2789808,2739447,5069265,5389008,0.06,30168,33955,5148,52294,
2000,73,48,Washington,0.61,0.61,0.56,2517028,2487433,4098044,4419907,0.07,14915,154466,160,92308,
2000,56,49,West Virginia,,0.47,0.46,,648124,1390365,1405021,0.01,3856,6216,1112,8076,
2000,25,50,Wisconsin,,0.68,0.65,,2598607,3842044,4016401,0.02,20612,53242,9923,57156,
2000,68,51,Wyoming,0.61,0.59,0.58,221685,213726,361078,366639,0.02,1680,4115,514,4252,
1998,0,0,United States,0.39,0.38,0.35,74825832,72537000,190419570,205313182,0.07,1285469,2236975,515924,2919881,2937000
1998,41,1,Alabama,,0.41,0.4,,1317842,3202052,3293917,0.01,22676,40379,5221,48087,
1998,81,2,Alaska,0.56,0.55,0.52,227156,223300,408758,429317,0.03,4097,4274,478,6712,
1998,61,3,Arizona,0.32,0.32,0.28,1037550,1017616,3232815,3628841,0.09,25311,51329,3742,54718,
1998,42,4,Arkansas,,0.38,0.36,,706011,1882181,1951741,0.02,10638,28698,6979,31966,
1998,71,5,California,0.45,0.44,0.35,8617649,8381871,19264556,23980067,0.19,161904,0,108424,270328,
1998,62,6,Colorado,,0.46,0.43,,1327235,2879973,3085075,0.06,14312,0,5204,19516,
1998,1,7,Connecticut,0.44,0.43,0.39,1022453,999537,2340956,2544417,0.06,17605,55000,1396,46501,
1998,11,8,Delaware,,0.33,0.31,,180527,540896,576849,0.03,5558,20030,572,16145,
1998,55,9,District of Columbia,0.35,0.34,0.3,137523,135501,398318,452668,0.1,9829,0,0,9829,
1998,43,10,Florida,0.38,0.37,0.33,4070262,3965751,10590870,12001902,0.1,67224,283965,6487,215694,
1998,44,11,Georgia,0.35,0.34,0.31,1842145,1792880,5326337,5828114,0.05,39262,278669,20482,199079,
1998,82,12,Hawaii,0.5,0.49,0.45,412520,407556,832172,910645,0.08,4924,0,0,4924,
1998,63,13,Idaho,0.46,0.45,0.43,386720,381248,843914,896422,0.04,4083,31172,1309,20978,
1998,21,14,Illinois,0.43,0.41,0.37,3541379,3394521,8285614,9070725,0.08,43051,0,0,43051,
1998,22,15,Indiana,0.37,0.37,0.36,1618689,1588617,4348730,4457578,0.02,19197,0,0,19197,
1998,31,16,Iowa,0.46,0.45,0.44,973032,956415,2112132,2176940,0.02,7394,18447,2194,18812,
1998,32,17,Kansas,0.4,0.39,0.37,743288,727236,1873438,1955236,0.04,8183,0,6025,14208,
1998,51,18,Kentucky,0.42,0.39,0.38,1215053,1145414,2930780,2999287,0.01,14987,17594,4508,28292,
1998,45,19,Louisiana,0.32,0.31,0.3,990243,969165,3097660,3216121,0.02,32228,33028,18759,67501,
1998,2,20,Maine,,0.52,0.51,,486808,943577,957916,0.02,0,0,0,0,
1998,52,21,Maryland,0.44,0.43,0.4,1556994,1535978,3571087,3879108,0.06,22572,78051,15528,77126,
1998,3,22,Massachusetts,0.44,0.43,0.4,1935277,1903336,4430939,4793966,0.08,0,0,0,0,
1998,23,23,Michigan,0.45,0.43,0.42,3143432,3036886,7005306,7276123,0.03,45879,0,0,45879,
1998,33,24,Minnesota,0.62,0.62,0.59,2105343,2091766,3378089,3555108,0.03,5572,100818,2995,58976,
1998,46,25,Mississippi,,0.28,0.27,,550694,1995283,2038324,0.01,16678,11530,1489,23932,
1998,34,26,Missouri,,0.4,0.38,,1576857,3978146,4106478,0.02,24974,49992,10366,60336,
1998,64,27,Montana,0.52,0.51,0.5,338733,331551,653998,662582,0.01,2734,0,0,2734,
1998,35,28,Nebraska,0.49,0.46,0.44,581775,545238,1197953,1247656,0.03,3676,16527,624,12564,
1998,65,29,Nevada,0.36,0.35,0.31,440042,435790,1233386,1402851,0.11,9651,12561,4055,19987,
1998,4,30,New Hampshire,0.38,0.36,0.35,330555,318940,878508,903630,0.03,2169,0,0,2169,
1998,12,31,New Jersey,0.34,0.33,0.29,1894496,1813094,5505229,6261197,0.1,31121,129377,13218,109028,
1998,66,32,New Mexico,0.43,0.42,0.39,517355,498703,1199320,1286104,0.06,4985,10397,1773,11957,
1998,13,33,New York,0.41,0.39,0.34,4989877,4735236,12263356,14139223,0.12,70001,0,59548,129549,
1998,47,34,North Carolina,,0.36,0.34,,2012143,5624292,5948653,0.04,31961,105227,5806,90381,
1998,36,35,North Dakota,0.46,0.45,0.44,217584,213358,475629,481790,0.01,915,0,0,915,
1998,24,36,Ohio,0.43,0.41,0.4,3534782,3404351,8237516,8424249,0.02,48450,0,0,48450,
1998,53,37,Oklahoma,,0.36,0.35,,873585,2415036,2518285,0.03,20892,29093,1532,36971,
1998,72,38,Oregon,0.49,0.47,0.44,1160400,1117747,2370381,2526500,0.06,8927,0,0,8927,
1998,14,39,Pennsylvania,,0.33,0.33,,3025152,9075961,9314795,0.02,36377,0,0,36377,
1998,5,40,Rhode Island,0.43,0.42,0.39,309835,306445,723772,790726,0.07,3445,21049,432,14402,
1998,48,41,South Carolina,0.39,0.38,0.37,1092430,1077135,2825173,2931120,0.02,21764,46482,4404,49409,
1998,37,42,South Dakota,0.5,0.49,0.48,266355,262111,534711,543074,0.01,2422,0,0,2422,
1998,54,43,Tennessee,0.25,0.24,0.23,1026017,976236,4092745,4217608,0.02,17738,38924,7605,44805,
1998,49,44,Texas,,0.3,0.26,,3738078,12490423,14504988,0.11,144510,443688,109820,476174,
1998,67,45,Utah,0.37,0.36,0.34,506553,494909,1381989,1467078,0.06,4453,0,0,4453,
1998,6,46,Vermont,0.5,0.49,0.48,224382,218120,444772,453574,0.02,0,0,0,0,
1998,40,47,Virginia,,0.23,0.22,,1148861,4900523,5222121,0.05,30276,30576,6700,52264,
1998,73,48,Washington,0.49,0.48,0.44,1939421,1902482,3930400,4294765,0.06,14161,152140,375,90606,
1998,56,49,West Virginia,0.29,0.25,0.25,405139,351277,1388176,1403549,0.01,3478,6511,975,7709,
1998,25,50,Wisconsin,,0.46,0.45,,1760836,3801514,3945060,0.02,18613,54232,9282,55011,
1998,68,51,Wyoming,0.51,0.5,0.49,178401,174888,350136,359119,0.01,1571,3825,448,3932,
1996,0,0,United States,,0.52,0.48,,96262935,186347044,200015917,0.07,1162253,1865990,491165,2586413,2499256
1996,41,1,Alabama,,0.49,0.48,,1534349,3144249,3227688,0.01,21760,37865,4966,45659,
1996,81,2,Alaska,0.61,0.6,0.57,245212,241620,404180,423702,0.03,3716,3999,642,6358,
1996,61,3,Arizona,0.47,0.46,0.41,1431342,1404405,3079908,3414380,0.08,22493,40607,3785,46582,
1996,42,4,Arkansas,,0.48,0.47,,884262,1844689,1903094,0.02,9407,25178,5459,27455,
1996,71,5,California,0.55,0.54,0.43,10263490,10019484,18644593,23076427,0.18,146049,0,99578,245627,
1996,62,6,Colorado,,0.55,0.51,,1510704,2770252,2939929,0.05,12483,0,3294,15777,
1996,1,7,Connecticut,0.6,0.6,0.55,1410746,1392614,2337160,2528212,0.06,15007,55978,1083,44079,
1996,11,8,Delaware,0.53,0.51,0.48,277418,270810,528630,559598,0.03,5110,16528,591,13965,
1996,55,9,District of Columbia,0.47,0.47,0.41,189210,185726,398839,450182,0.09,9376,0,0,9376,
1996,43,10,Florida,0.53,0.52,0.46,5444245,5300927,10219294,11509122,0.1,63763,237117,9243,191565,
1996,44,11,Georgia,0.46,0.44,0.41,2374650,2298899,5181708,5555577,0.04,35139,143457,21146,128014,
1996,82,12,Hawaii,0.45,0.44,0.4,370230,360120,820055,895753,0.08,4011,0,0,4011,
1996,63,13,Idaho,0.62,0.59,0.57,508030,489481,825329,856420,0.03,3832,0,0,3832,
1996,21,14,Illinois,0.54,0.53,0.48,4418270,4311391,8215662,8927254,0.08,38852,0,0,38852,
1996,22,15,Indiana,0.51,0.5,0.49,2195224,2135431,4302745,4397367,0.02,16960,0,0,16960,
1996,31,16,Iowa,0.6,0.59,0.57,1251983,1234075,2098332,2154320,0.02,6342,15386,2200,16235,
1996,32,17,Kansas,0.58,0.57,0.55,1073520,1063452,1856507,1922601,0.03,7756,0,0,7756,
1996,51,18,Kentucky,0.49,0.48,0.47,1419592,1388707,2880808,2938362,0.01,12910,11689,4621,23376,
1996,45,19,Louisiana,0.58,0.58,0.56,1804640,1783959,3087693,3163302,0.02,26776,0,0,26776,
1996,2,20,Maine,,0.65,0.64,,605897,929970,944106,0.02,0,0,0,0,
1996,52,21,Maryland,0.51,0.5,0.47,1793991,1780870,3530148,3817454,0.06,22050,70553,16246,73573,
1996,3,22,Massachusetts,0.59,0.58,0.54,2600278,2559180,4385268,4723380,0.07,0,0,0,0,
1996,23,23,Michigan,0.56,0.55,0.53,3912261,3848844,6954059,7201527,0.03,42349,0,0,42349,
1996,33,24,Minnesota,0.67,0.66,0.63,2211161,2192640,3319509,3473117,0.03,5158,90202,2377,52636,
1996,46,25,Mississippi,,0.46,0.45,,893857,1949309,1986327,0.01,13859,10376,1326,20373,
1996,34,26,Missouri,,0.55,0.54,,2158065,3919885,4035666,0.02,22003,42386,13087,56283,
1996,64,27,Montana,0.65,0.63,0.62,417232,407083,645052,652991,0.01,2293,0,0,2293,
1996,35,28,Nebraska,0.58,0.57,0.55,686749,677415,1188034,1230047,0.03,3287,14363,688,11157,
1996,65,29,Nevada,0.41,0.41,0.37,467657,464279,1134065,1271617,0.1,8439,9760,3216,16535,
1996,4,30,New Hampshire,0.6,0.58,0.57,513700,499053,855287,878569,0.02,2062,0,0,2062,
1996,12,31,New Jersey,0.57,0.56,0.5,3105110,3075860,5456334,6152216,0.1,27490,125881,14545,104976,
1996,66,32,New Mexico,0.5,0.47,0.45,579763,556074,1172262,1249597,0.05,4724,8903,1426,10602,
1996,13,33,New York,0.53,0.52,0.45,6439129,6316129,12175850,13942462,0.12,69709,0,57137,126846,
1996,47,34,North Carolina,,0.46,0.44,,2515807,5435970,5717844,0.03,30647,102483,12358,94247,
1996,36,35,North Dakota,0.57,0.56,0.55,271850,266411,475898,481497,0.01,722,0,0,722,
1996,24,36,Ohio,0.57,0.55,0.54,4638108,4534434,8185999,8366250,0.02,46174,0,6331,52505,
1996,53,37,Oklahoma,0.51,0.51,0.49,1218248,1206713,2368311,2461718,0.02,19593,28090,2159,35797,
1996,72,38,Oregon,0.61,0.6,0.56,1399180,1377760,2309051,2445442,0.05,8661,0,0,8661,
1996,14,39,Pennsylvania,,0.5,0.49,,4506118,9063470,9283893,0.02,34537,0,0,34537,
1996,5,40,Rhode Island,,0.54,0.5,,390247,717041,781307,0.06,3271,20446,573,14067,
1996,48,41,South Carolina,0.44,0.42,0.41,1203486,1151422,2731064,2825088,0.02,20446,42417,5036,46691,
1996,37,42,South Dakota,0.62,0.61,0.6,329316,323826,529793,537038,0.01,2063,0,0,2063,
1996,54,43,Tennessee,,0.48,0.46,,1894105,3984092,4094014,0.02,15626,37002,8934,43061,
1996,49,44,Texas,,0.47,0.4,,5611644,12072149,13887542,0.1,132383,429329,112594,459642,
1996,67,45,Utah,0.52,0.5,0.48,691016,665629,1326919,1394017,0.05,0,0,0,0,
1996,6,46,Vermont,0.6,0.59,0.58,261469,258449,435687,443874,0.02,0,0,0,0,
1996,40,47,Virginia,0.51,0.5,0.47,2468229,2416642,4811632,5106297,0.05,27655,29620,9918,52383,
1996,73,48,Washington,0.6,0.59,0.54,2293895,2253867,3829308,4147127,0.06,12527,125780,560,75977,
1996,56,49,West Virginia,0.47,0.46,0.46,653331,636459,1386621,1400343,0.01,2749,5669,869,6453,
1996,25,50,Wisconsin,,0.58,0.57,,2196169,3763240,3886906,0.02,12991,47292,8222,44859,
1996,68,51,Wyoming,0.63,0.61,0.6,215844,211571,345112,353354,0.01,1499,3432,364,3579,
1994,0,0,United States,0,0.41,0.39,,75105860,182623348,195258350,0.06,1037855,1778797,513686,2440940,2228514
1994,41,1,Alabama,,0.39,0.38,,1201969,3095745,3170782,0.01,19573,32284,7235,42950,
1994,81,2,Alaska,0.54,0.53,0.51,216668,213404,399435,417053,0.03,3292,2899,412,5154,
1994,61,3,Arizona,0.4,0.39,0.36,1153724,1129607,2892171,3169857,0.08,19746,34365,4351,41280,
1994,42,4,Arkansas,,0.4,0.39,,716840,1801161,1849361,0.01,8643,19606,5224,23670,
1994,71,5,California,0.48,0.47,0.38,8900593,8658881,18479124,22721586,0.18,125605,0,85082,210687,
1994,62,6,Colorado,0.44,0.42,0.4,1173130,1116307,2648684,2785952,0.05,10717,0,2463,13180,
1994,1,7,Connecticut,0.5,0.49,0.46,1163829,1147084,2335579,2515100,0.06,14380,53453,1146,42253,
1994,11,8,Delaware,0.39,0.39,0.37,201560,199029,512941,540474,0.03,4466,15507,1029,13249,
1994,55,9,District of Columbia,0.45,0.45,0.4,186316,183649,411886,463680,0.09,10949,0,0,10949,
1994,43,10,Florida,0.44,0.43,0.38,4305340,4206659,9810247,11016840,0.09,57168,247014,20573,201248,
1994,44,11,Georgia,,0.31,0.29,,1545328,4978431,5293282,0.04,33425,140694,17505,121277,
1994,82,12,Hawaii,0.47,0.46,0.42,377011,369013,808904,882189,0.08,3333,0,0,3333,
1994,63,13,Idaho,0.54,0.53,0.51,419330,413346,784076,809957,0.03,2811,0,0,2811,
1994,21,14,Illinois,0.39,0.38,0.35,3219122,3106566,8175312,8819582,0.07,36531,0,0,36531,
1994,22,15,Indiana,0.38,0.36,0.36,1609481,1543568,4235008,4315664,0.02,15014,0,0,15014,
1994,31,16,Iowa,0.49,0.48,0.47,1022372,997248,2077709,2128370,0.02,5437,15902,3696,17084,
1994,32,17,Kansas,0.46,0.45,0.43,836251,820846,1837694,1893521,0.03,6371,0,0,6371,
1994,51,18,Kentucky,0.29,0.28,0.27,827541,784299,2829881,2879413,0.01,11066,11417,4380,21155,
1994,45,19,Louisiana,0.29,0.27,0.27,893758,826837,3038660,3109456,0.02,24063,0,0,24063,
1994,2,20,Maine,,0.56,0.55,,511733,918204,932164,0.02,0,0,0,0,
1994,52,21,Maryland,0.41,0.41,0.38,1437450,1410299,3480270,3751305,0.05,20998,76940,14795,74263,
1994,3,22,Massachusetts,0.51,0.5,0.47,2232186,2179945,4353287,4668100,0.07,0,0,0,0,
1994,23,23,Michigan,0.46,0.45,0.44,3177740,3089077,6856388,7081498,0.03,40631,0,0,40631,
1994,33,24,Minnesota,0.55,0.55,0.52,1794618,1772929,3253779,3385687,0.03,4575,81972,1904,47465,
1994,46,25,Mississippi,0.33,0.32,0.31,621096,608085,1903794,1935054,0.01,10930,9042,1519,16970,
1994,34,26,Missouri,,0.46,0.45,,1775116,3858946,3958762,0.01,17898,36295,12592,48638,
1994,64,27,Montana,0.58,0.56,0.56,359455,350387,622246,629335,0.01,1764,0,0,1764,
1994,35,28,Nebraska,0.51,0.5,0.48,593654,579561,1164502,1201826,0.02,2711,18639,771,12802,
1994,65,29,Nevada,0.37,0.37,0.33,386582,380530,1032456,1143487,0.08,6993,9410,3529,15227,
1994,4,30,New Hampshire,0.39,0.38,0.37,319443,311882,829590,851104,0.02,2021,0,0,2021,
1994,12,31,New Jersey,0.4,0.38,0.34,2131328,2054887,5392423,6059401,0.09,24632,125299,41802,129084,
1994,66,32,New Mexico,0.43,0.41,0.39,485709,467621,1128243,1195183,0.05,3712,8063,1078,8822,
1994,13,33,New York,0.44,0.43,0.38,5325323,5203762,12192316,13861352,0.11,66750,0,53832,120582,
1994,47,34,North Carolina,,0.3,0.29,,1588190,5244552,5477604,0.03,23648,90418,20159,89016,
1994,36,35,North Dakota,0.51,0.5,0.5,240430,236547,468989,473993,0.01,563,0,0,563,
1994,24,36,Ohio,0.44,0.42,0.41,3540954,3436884,8132122,8292312,0.01,43074,0,0,43074,
1994,53,37,Oklahoma,0.43,0.43,0.41,1002363,995012,2327519,2410272,0.02,16631,28285,2604,33378,
1994,72,38,Oregon,0.56,0.55,0.52,1254265,1221010,2229242,2344505,0.05,6936,0,0,6936,
1994,14,39,Pennsylvania,,0.4,0.39,,3585526,9043585,9241090,0.02,28302,0,0,28302,
1994,5,40,Rhode Island,,0.51,0.47,,361377,716002,776723,0.06,2919,18179,525,12534,
1994,48,41,South Carolina,0.36,0.35,0.34,951901,934886,2663830,2747987,0.01,18999,40005,6077,45079,
1994,37,42,South Dakota,0.61,0.6,0.59,318090,311613,518815,524910,0.01,1708,0,0,1708,
1994,54,43,Tennessee,,0.39,0.38,,1487130,3850228,3945407,0.01,14401,34896,9353,41202,
1994,49,44,Texas,,0.38,0.33,,4396242,11719888,13334014,0.09,118195,396276,108563,424896,
1994,67,45,Utah,0.43,0.42,0.4,532737,517790,1248726,1302522,0.04,0,0,0,0,
1994,6,46,Vermont,0.51,0.5,0.49,216715,211449,426953,434549,0.02,0,0,0,0,
1994,40,47,Virginia,,0.44,0.41,,2057463,4718968,4983515,0.04,26968,24089,9649,48662,
1994,73,48,Washington,0.47,0.46,0.43,1733471,1700173,3715174,3994036,0.05,10833,110279,1650,67623,
1994,56,49,West Virginia,0.32,0.31,0.3,439551,420936,1379339,1392499,0.01,1930,5992,1380,6306,
1994,25,50,Wisconsin,,0.42,0.41,,1565628,3692668,3801543,0.02,10022,45901,7065,40038,
1994,68,51,Wyoming,0.61,0.6,0.59,204025,201710,337032,344492,0.01,1217,3367,313,3214,
1992,0,0,United States,0,0.58,0.55,,104405155,179655523,190777923,0.06,866945,1648767,491856,2183185,2417648
1992,41,1,Alabama,,0.56,0.55,,1688060,3030549,3096959,0.01,17453,31188,6934,39981,
1992,81,2,Alaska,0.67,0.66,0.64,261427,258506,389898,406653,0.03,2865,3014,710,5082,
1992,61,3,Arizona,0.57,0.56,0.51,1516276,1486975,2671933,2897181,0.07,16477,34647,3588,37389,
1992,42,4,Arkansas,,0.54,0.53,,950653,1751083,1789420,0.01,8285,16448,3460,19969,
1992,71,5,California,0.62,0.6,0.49,11374565,11131721,18460157,22573381,0.17,109496,0,87725,197221,
1992,62,6,Colorado,0.64,0.63,0.6,1597166,1569180,2494998,2602217,0.04,8997,0,2634,11631,
1992,1,7,Connecticut,0.7,0.69,0.64,1645609,1616332,2356937,2521774,0.05,11403,48567,483,36170,
1992,11,8,Delaware,0.58,0.58,0.55,290836,289735,499266,523661,0.02,4062,14887,1120,12626,
1992,55,9,District of Columbia,0.54,0.53,0.48,231445,227572,427102,477564,0.08,10845,0,0,10845,
1992,43,10,Florida,0.57,0.56,0.5,5438612,5314392,9506230,10591116,0.09,48302,200471,14021,162559,
1992,44,11,Georgia,,0.49,0.46,,2311253,4766958,5037354,0.03,25290,153154,23020,124887,
1992,82,12,Hawaii,0.48,0.47,0.43,382882,372842,795148,866114,0.08,2926,0,0,2926,
1992,63,13,Idaho,0.67,0.66,0.64,491725,482142,734855,756119,0.03,2256,0,0,2256,
1992,21,14,Illinois,0.64,0.62,0.58,5164357,5050157,8113900,8688184,0.06,31640,0,0,31640,
1992,22,15,Indiana,0.56,0.55,0.55,2347912,2305871,4162678,4230602,0.01,13945,0,0,13945,
1992,31,16,Iowa,0.66,0.66,0.65,1360856,1354607,2057690,2098809,0.01,4518,14084,2065,13625,
1992,32,17,Kansas,0.64,0.64,0.62,1161044,1157335,1810750,1857444,0.02,6028,0,0,6028,
1992,51,18,Kentucky,,0.54,0.53,,1492900,2772600,2814763,0.01,10364,10750,3684,19423,
1992,45,19,Louisiana,0.6,0.6,0.58,1799596,1790017,2997301,3063068,0.02,20980,0,0,20980,
1992,2,20,Maine,,0.74,0.73,,679499,915082,928998,0.02,0,0,0,0,
1992,52,21,Maryland,0.58,0.58,0.54,1999486,1985046,3440015,3695298,0.05,19977,82948,13058,74509,
1992,3,22,Massachusetts,0.65,0.64,0.6,2822962,2773700,4346897,4640629,0.06,0,0,0,0,
1992,23,23,Michigan,0.64,0.63,0.61,4341909,4274673,6786593,6990822,0.02,39113,0,0,39113,
1992,33,24,Minnesota,0.74,0.74,0.71,2355796,2347948,3187255,3298080,0.02,3822,72938,1901,42192,
1992,46,25,Mississippi,0.54,0.53,0.52,1008019,981793,1854797,1882100,0.01,8905,8031,2357,15278,
1992,34,26,Missouri,,0.63,0.62,,2391565,3792675,3880005,0.01,16195,32692,11671,44212,
1992,64,27,Montana,0.7,0.69,0.69,417564,410611,593345,599859,0.01,1548,0,0,1548,
1992,35,28,Nebraska,0.65,0.64,0.63,744548,737546,1149525,1178965,0.02,2514,15386,697,10904,
1992,65,29,Nevada,0.55,0.54,0.49,513387,506318,940066,1028056,0.07,6049,8533,3246,13562,
1992,4,30,New Hampshire,0.67,0.66,0.65,545197,537943,814160,833997,0.02,1777,0,0,1777,
1992,12,31,New Jersey,0.62,0.62,0.56,3348312,3343594,5398559,6000364,0.08,22653,108093,36120,112820,
1992,66,32,New Mexico,0.55,0.53,0.5,590901,569986,1073421,1131081,0.04,3271,6921,1331,8063,
1992,13,33,New York,0.58,0.57,0.5,7068630,6926925,12227775,13799670,0.11,61736,0,50004,111740,
1992,47,34,North Carolina,,0.51,0.5,,2611850,5077494,5259564,0.02,20454,86371,14415,78055,
1992,36,35,North Dakota,0.68,0.67,0.66,315199,308133,462631,467130,0.01,477,0,0,477,
1992,24,36,Ohio,0.63,0.61,0.6,5043094,4939967,8063595,8208502,0.01,38378,0,0,38378,
1992,53,37,Oklahoma,0.64,0.61,0.59,1455635,1390359,2293931,2366029,0.02,14821,25902,2758,30530,
1992,72,38,Oregon,0.7,0.68,0.65,1498959,1462643,2144867,2241507,0.04,6583,0,0,6583,
1992,14,39,Pennsylvania,,0.55,0.54,,4949810,9010940,9188416,0.02,24974,0,0,24974,
1992,5,40,Rhode Island,,0.63,0.58,,453471,721593,779266,0.06,2775,15585,483,11051,
1992,48,41,South Carolina,0.47,0.46,0.45,1234712,1202527,2610725,2683852,0.01,18643,35587,5325,41762,
1992,37,42,South Dakota,,0.67,0.66,,336254,503759,508841,0.01,1487,0,0,1487,
1992,54,43,Tennessee,,0.53,0.52,,1982638,3726024,3811036,0.01,11849,38614,11819,42975,
1992,49,44,Texas,,0.54,0.48,,6154018,11356487,12747860,0.08,60467,360702,121141,361959,
1992,67,45,Utah,0.68,0.64,0.62,784988,743999,1162363,1203861,0.03,0,0,0,0,
1992,6,46,Vermont,0.7,0.69,0.68,292797,289701,419810,426860,0.02,0,0,0,0,
1992,40,47,Virginia,,0.55,0.53,,2558665,4622125,4856799,0.04,21199,23510,11372,44326,
1992,73,48,Washington,0.65,0.64,0.6,2324907,2288230,3575852,3827227,0.05,9959,103837,7850,69728,
1992,56,49,West Virginia,,0.5,0.5,,683762,1365368,1377282,0.01,1674,5688,988,5506,
1992,25,50,Wisconsin,,0.7,0.68,,2531114,3619273,3712414,0.02,8191,40424,5560,33963,
1992,68,51,Wyoming,0.63,0.62,0.61,203602,200617,324253,331170,0.01,1063,3310,404,3122,
1990,0,0,United States,0,0.38,0.37,,67859189,176629259,186158841,0.06,761106,1489999,395140,1901246,2659455
1990,41,1,Alabama,,0.41,0.4,,1215889,2956385,3012797,0.01,15665,27686,5970,35478,
1990,81,2,Alaska,0.54,0.53,0.51,197540,194750,364419,379863,0.03,2622,3599,568,4990,
1990,61,3,Arizona,0.43,0.42,0.39,1094735,1055406,2523614,2705468,0.06,14861,30397,2711,32771,
1990,42,4,Arkansas,,0.41,0.4,,696209,1710799,1742746,0.01,7322,15983,3971,19285,
1990,71,5,California,0.44,0.42,0.35,7899131,7699420,18156500,22061053,0.17,97309,0,67562,164871,
1990,62,6,Colorado,0.44,0.43,0.42,1046139,1022027,2366650,2447513,0.03,7671,0,2396,10067,
1990,1,7,Connecticut,0.49,0.48,0.45,1159361,1141101,2383795,2538398,0.05,10500,46640,291,34111,
1990,11,8,Delaware,0.38,0.37,0.36,183977,180152,486760,507016,0.02,3471,12223,1283,10866,
1990,55,9,District of Columbia,0.39,0.38,0.35,171677,169066,441742,489808,0.08,9947,0,0,9947,
1990,43,10,Florida,,0.39,0.35,,3530871,9145312,10137720,0.08,44387,210781,2064,151842,
1990,44,11,Georgia,,0.32,0.3,,1449652,4588953,4803269,0.02,22411,134840,22646,112477,
1990,82,12,Hawaii,0.46,0.45,0.42,354144,349666,770836,838633,0.08,2533,0,0,2533,
1990,63,13,Idaho,0.48,0.47,0.45,328340,320610,690154,707535,0.02,1961,0,0,1961,
1990,21,14,Illinois,0.43,0.41,0.38,3420720,3257410,8029525,8535069,0.06,27516,0,0,27516,
1990,22,15,Indiana,0.38,0.37,0.36,1566371,1502687,4080236,4135602,0.01,12736,0,0,12736,
1990,31,16,Iowa,0.5,0.48,0.48,1004908,983933,2030935,2065490,0.01,3967,13895,2111,13026,
1990,32,17,Kansas,0.45,0.44,0.43,805251,786096,1783412,1821368,0.02,5775,0,0,5775,
1990,51,18,Kentucky,,0.34,0.33,,916010,2722356,2755670,0.01,9023,7482,3183,15947,
1990,45,19,Louisiana,,0.47,0.46,,1396113,2959148,3020682,0.01,18599,0,0,18599,
1990,2,20,Maine,,0.57,0.57,,522181,910982,924839,0.02,0,0,0,0,
1990,52,21,Maryland,0.35,0.33,0.31,1170867,1111088,3397126,3632477,0.05,17848,82898,11192,70489,
1990,3,22,Massachusetts,0.55,0.53,0.5,2424579,2341990,4384671,4660342,0.06,0,0,0,0,
1990,23,23,Michigan,0.4,0.38,0.37,2641649,2564563,6693069,6872954,0.02,34267,0,0,34267,
1990,33,24,Minnesota,0.59,0.58,0.56,1843104,1806777,3136830,3225335,0.02,3176,59323,1873,34711,
1990,46,25,Mississippi,,0.2,0.2,,368502,1824156,1850099,0.01,8375,8221,3478,15964,
1990,34,26,Missouri,,0.36,0.35,,1352552,3740308,3821136,0.01,14943,42322,9196,45300,
1990,64,27,Montana,0.57,0.56,0.55,326652,319336,573045,579158,0.01,1425,0,0,1425,
1990,35,28,Nebraska,0.53,0.53,0.51,604195,593828,1131746,1154859,0.01,2403,14654,632,10362,
1990,65,29,Nevada,0.38,0.37,0.35,325959,320743,858018,926572,0.06,5322,7700,2850,12022,
1990,4,30,New Hampshire,0.38,0.36,0.35,307700,294819,814549,832887,0.02,1342,0,0,1342,
1990,12,31,New Jersey,0.37,0.36,0.33,1998894,1938454,5429251,5951541,0.07,21128,72341,23298,80597,
1990,66,32,New Mexico,0.42,0.4,0.38,429509,411236,1026902,1076522,0.04,3187,6294,1224,7558,
1990,13,33,New York,0.35,0.33,0.3,4290261,4056896,12271903,13742688,0.1,54895,0,42837,97732,
1990,47,34,North Carolina,,0.42,0.41,,2069585,4938968,5073437,0.01,18411,77829,9883,67209,
1990,36,35,North Dakota,0.52,0.51,0.5,240301,233973,461711,465851,0.01,483,0,0,483,
1990,24,36,Ohio,0.45,0.44,0.43,3620469,3477650,7975680,8103382,0.01,31822,0,0,31822,
1990,53,37,Oklahoma,0.41,0.41,0.39,929639,911314,2251719,2313340,0.02,12285,24411,3236,27727,
1990,72,38,Oregon,0.55,0.54,0.52,1133125,1112847,2057833,2137314,0.03,6492,0,0,6492,
1990,14,39,Pennsylvania,,0.34,0.34,,3052760,8962083,9120122,0.02,22290,0,0,22290,
1990,5,40,Rhode Island,0.52,0.5,0.47,375188,364052,725084,780448,0.06,2392,15366,321,10396,
1990,48,41,South Carolina,0.31,0.3,0.29,793614,760965,2537384,2598170,0.01,17319,32287,3543,37006,
1990,37,42,South Dakota,,0.52,0.52,,258976,494849,499072,0.01,1341,0,0,1341,
1990,54,43,Tennessee,,0.22,0.21,,790441,3624940,3693970,0.01,10388,32719,11327,38075,
1990,49,44,Texas,,0.35,0.32,,3892746,11034190,12232761,0.07,50042,308357,109726,313947,
1990,67,45,Utah,0.42,0.41,0.4,457983,442213,1086050,1116922,0.03,0,0,0,0,
1990,6,46,Vermont,0.52,0.51,0.5,217384,211422,415564,422130,0.02,0,0,0,0,
1990,40,47,Virginia,,0.26,0.25,,1152854,4512504,4715129,0.04,17593,21303,9048,37293,
1990,73,48,Washington,0.4,0.38,0.36,1362651,1313217,3421256,3634031,0.04,7995,84817,9615,60019,
1990,56,49,West Virginia,,0.3,0.3,,404305,1347723,1358773,0,1565,5059,1000,5095,
1990,25,50,Wisconsin,,0.39,0.38,,1379727,3541548,3617625,0.01,7465,29370,4099,26249,
1990,68,51,Wyoming,0.53,0.51,0.5,164309,160109,312961,319255,0.01,1110,2980,313,2913,
1988,0,0,United States,0,0.53,0.5,,91594691,173579281,181955484,0.05,616785,1319935,317223,1593976,2527370
1988,41,1,Alabama,,0.48,0.47,,1378476,2901744,2949934,0.01,12610,25301,4701,29962,
1988,81,2,Alaska,0.57,0.56,0.54,203433,200116,355023,369260,0.03,2588,2994,498,4583,
1988,61,3,Arizona,0.49,0.48,0.45,1204169,1171873,2454254,2609995,0.05,12095,25446,1669,26487,
1988,42,4,Arkansas,,0.49,0.48,,827738,1689491,1717388,0.01,5519,15931,3840,17325,
1988,71,5,California,0.58,0.56,0.47,10194539,9887065,17738700,21249801,0.16,76171,0,49364,125535,
1988,62,6,Colorado,0.61,0.59,0.57,1416265,1372394,2327768,2396786,0.03,5765,0,1743,7508,
1988,1,7,Connecticut,0.61,0.61,0.57,1461962,1443394,2379699,2525021,0.05,8005,46086,371,31419,
1988,11,8,Delaware,0.54,0.53,0.51,254973,249891,472441,489696,0.02,3197,9576,1093,9078,
1988,55,9,District of Columbia,0.44,0.43,0.38,197135,192877,453636,502362,0.07,8831,0,3949,12780,
1988,43,10,Florida,,0.49,0.45,,4302313,8777510,9651236,0.08,34732,165475,2562,120032,
1988,44,11,Georgia,,0.41,0.39,,1809672,4459739,4631342,0.02,18787,121559,11308,90875,
1988,82,12,Hawaii,0.5,0.48,0.44,368567,354461,739890,803568,0.08,2300,0,0,2300,
1988,63,13,Idaho,0.63,0.61,0.6,421213,408968,667345,682522,0.02,1581,0,0,1581,
1988,21,14,Illinois,0.59,0.57,0.54,4697192,4559120,7950848,8410414,0.05,21081,0,0,21081,
1988,22,15,Indiana,0.56,0.54,0.54,2222811,2168621,3996319,4045785,0.01,11406,0,0,11406,
1988,31,16,Iowa,0.61,0.61,0.6,1240854,1225614,2021793,2052326,0.01,3034,13099,1945,11529,
1988,32,17,Kansas,,0.56,0.55,,993044,1774451,1808604,0.02,5817,0,0,5817,
1988,51,18,Kentucky,,0.49,0.49,,1322517,2680364,2709782,0.01,7119,7398,3443,14261,
1988,45,19,Louisiana,,0.55,0.54,,1628202,2941023,3005785,0.01,16242,0,7387,23629,
1988,2,20,Maine,,0.63,0.62,,555035,888612,901850,0.02,0,0,0,0,
1988,52,21,Maryland,0.53,0.52,0.49,1747350,1714358,3325582,3535730,0.04,14276,78619,9225,62811,
1988,3,22,Massachusetts,0.61,0.6,0.57,2689857,2632801,4385728,4642061,0.06,0,0,0,0,
1988,23,23,Michigan,0.57,0.56,0.54,3745751,3669163,6608812,6773776,0.02,27612,0,0,27612,
1988,33,24,Minnesota,0.69,0.68,0.66,2125119,2096790,3087194,3166668,0.02,2799,56901,1639,32889,
1988,46,25,Mississippi,,0.52,0.51,,931527,1792847,1815826,0.01,7384,6854,3177,13988,
1988,34,26,Missouri,,0.57,0.56,,2093713,3696905,3769751,0.01,12176,42728,7207,40747,
1988,64,27,Montana,0.67,0.64,0.64,378981,365674,568014,573791,0.01,1272,0,0,1272,
1988,35,28,Nebraska,0.6,0.59,0.58,678669,661465,1125252,1144305,0.01,2156,11411,447,8309,
1988,65,29,Nevada,0.46,0.46,0.43,354261,350067,768131,823940,0.06,4881,7032,2100,10497,
1988,4,30,New Hampshire,0.58,0.56,0.55,462503,451074,800468,817358,0.02,1019,0,0,1019,
1988,12,31,New Jersey,0.57,0.57,0.53,3102502,3099553,5435008,5904776,0.07,16936,57903,18463,64351,
1988,66,32,New Mexico,0.53,0.52,0.5,535694,521287,1002876,1046754,0.04,2825,5312,1230,6711,
1988,13,33,New York,0.54,0.53,0.48,6636310,6485683,12300666,13659215,0.09,44560,0,33962,78522,
1988,47,34,North Carolina,,0.45,0.44,,2134370,4794041,4903045,0.01,17078,67164,6191,56851,
1988,36,35,North Dakota,0.66,0.64,0.63,309100,297261,466684,470652,0.01,466,0,0,466,
1988,24,36,Ohio,0.57,0.56,0.55,4505284,4393585,7869099,7986220,0.01,26462,0,0,26462,
1988,53,37,Oklahoma,0.53,0.52,0.51,1192815,1171036,2245785,2300258,0.01,10448,23341,1455,23574,
1988,72,38,Oregon,0.62,0.61,0.59,1235199,1201694,1982355,2055379,0.03,5991,0,3790,9781,
1988,14,39,Pennsylvania,,0.51,0.5,,4536251,8892826,9037056,0.01,17900,0,0,17900,
1988,5,40,Rhode Island,0.58,0.56,0.53,415963,404620,721773,771407,0.06,1906,9824,442,7260,
1988,48,41,South Carolina,0.43,0.4,0.39,1041846,986009,2453644,2504635,0.01,13888,26260,3626,30644,
1988,37,42,South Dakota,,0.63,0.63,,312991,494034,497633,0.01,1020,0,0,1020,
1988,54,43,Tennessee,,0.46,0.45,,1636250,3551452,3609081,0.01,7732,28282,9529,31402,
1988,49,44,Texas,,0.5,0.46,,5427410,10833436,11877787,0.07,40437,288906,77827,262717,
1988,67,45,Utah,0.63,0.62,0.61,661546,647008,1043170,1069800,0.03,0,0,0,0,
1988,6,46,Vermont,0.67,0.6,0.59,270148,243328,404795,411136,0.02,0,0,0,0,
1988,40,47,Virginia,,0.5,0.48,,2191609,4396900,4571637,0.03,14184,17945,6576,29733,
1988,73,48,Washington,0.59,0.57,0.54,1923043,1865253,3282173,3465082,0.04,5816,64257,10745,48690,
1988,56,49,West Virginia,,0.49,0.48,,653311,1347692,1358249,0,1455,4811,807,4668,
1988,25,50,Wisconsin,,0.63,0.62,,2191608,3489742,3558322,0.01,6353,26305,4128,23634,
1988,68,51,Wyoming,0.59,0.56,0.55,186417,176551,315073,320695,0.01,945,2186,333,2371,
1986,0,0,United States,0,0.38,0.37,,64991128,170396029,177922330,0.05,535547,1177814,242663,1367117,2216053
1986,41,1,Alabama,,0.43,0.43,,1236230,2869652,2911819,0.01,11710,21371,3038,25434,
1986,81,2,Alaska,0.52,0.51,0.5,182526,180801,351841,364871,0.03,2460,2885,119,4022,
1986,61,3,Arizona,0.38,0.37,0.35,889668,866984,2319046,2452624,0.05,9434,20283,2034,21610,
1986,42,4,Arkansas,,0.41,0.41,,695487,1681564,1706578,0.01,4701,12700,4023,15074,
1986,71,5,California,0.44,0.43,0.37,7617142,7443551,17166275,20222886,0.15,59484,0,33172,92656,
1986,62,6,Colorado,0.48,0.46,0.45,1096867,1060765,2309652,2372880,0.02,3804,0,1827,5631,
1986,1,7,Connecticut,0.44,0.42,0.4,1025605,993692,2344327,2479722,0.04,6905,41304,603,28160,
1986,11,8,Delaware,0.36,0.35,0.34,165563,160757,455609,470828,0.02,2833,7985,978,7804,
1986,55,9,District of Columbia,0.29,0.28,0.26,134158,131802,465993,508553,0.07,6618,0,2980,9598,
1986,43,10,Florida,,0.41,0.38,,3429996,8384015,9158241,0.07,32237,139859,3478,105645,
1986,44,11,Georgia,,0.29,0.28,,1224948,4300049,4450093,0.02,16922,109485,10421,82086,
1986,82,12,Hawaii,0.48,0.47,0.43,344416,334115,715459,775534,0.08,2180,0,0,2180,
1986,63,13,Idaho,0.59,0.58,0.57,392909,387426,663126,677205,0.02,1448,0,0,1448,
1986,21,14,Illinois,0.42,0.4,0.38,3322657,3144185,7912733,8343755,0.05,19456,0,0,19456,
1986,22,15,Indiana,0.41,0.39,0.39,1619005,1555505,3943714,3990379,0.01,10175,0,0,10175,
1986,31,16,Iowa,0.46,0.45,0.44,922094,910623,2020678,2049547,0.01,2777,12584,1929,10998,
1986,32,17,Kansas,,0.48,0.47,,840605,1757001,1788426,0.02,5345,0,0,5345,
1986,51,18,Kentucky,,0.26,0.25,,677280,2661218,2687605,0.01,5288,6841,3370,12079,
1986,45,19,Louisiana,,0.45,0.45,,1369897,3014498,3069021,0.01,14300,0,0,14300,
1986,2,20,Maine,,0.5,0.49,,426861,858200,870604,0.01,0,0,0,0,
1986,52,21,Maryland,0.36,0.35,0.33,1161136,1112637,3216833,3401061,0.04,13326,69134,7494,55387,
1986,3,22,Massachusetts,0.41,0.39,0.37,1777276,1684079,4326264,4560556,0.05,0,0,0,0,
1986,23,23,Michigan,0.38,0.37,0.36,2468009,2396564,6520661,6674856,0.02,20742,0,0,20742,
1986,33,24,Minnesota,0.48,0.47,0.46,1456579,1415989,3024070,3089544,0.01,2462,38901,1437,23350,
1986,46,25,Mississippi,,0.29,0.29,,523563,1782721,1804699,0.01,6747,6458,3454,13430,
1986,34,26,Missouri,,0.4,0.4,,1477327,3655213,3717988,0.01,10309,33819,5229,32448,
1986,64,27,Montana,0.57,0.56,0.55,326436,317862,572113,577604,0.01,1111,0,0,1111,
1986,35,28,Nebraska,0.52,0.5,0.5,577916,564422,1123099,1141336,0.01,2044,11265,304,7981,
1986,65,29,Nevada,0.38,0.37,0.35,264365,261932,700192,747283,0.05,4551,5518,1529,8839,
1986,4,30,New Hampshire,0.34,0.33,0.32,257410,250966,760526,775686,0.02,782,0,0,782,
1986,12,31,New Jersey,0.3,0.29,0.27,1639330,1553544,5396487,5819614,0.06,12020,51359,14064,51764,
1986,66,32,New Mexico,0.41,0.4,0.39,408621,394833,987220,1026160,0.03,2416,4175,1147,5651,
1986,13,33,New York,0.37,0.35,0.32,4481718,4293971,12263480,13512043,0.09,38449,0,29325,67774,
1986,47,34,North Carolina,,0.34,0.34,,1591330,4653016,4749053,0.01,17698,58644,3322,50342,
1986,36,35,North Dakota,0.62,0.61,0.61,295177,289013,473962,477812,0.01,421,0,0,421,
1986,24,36,Ohio,0.47,0.4,0.4,3628870,3121189,7781083,7891503,0.01,22463,0,0,22463,
1986,53,37,Oklahoma,0.41,0.4,0.39,934447,909925,2290182,2343190,0.01,9708,22740,1670,22748,
1986,72,38,Oregon,0.56,0.55,0.53,1088140,1059630,1928782,1990233,0.03,4770,0,0,4770,
1986,14,39,Pennsylvania,,0.38,0.38,,3388275,8820459,8955720,0.01,15201,0,0,15201,
1986,5,40,Rhode Island,0.45,0.43,0.4,322724,305663,711034,756297,0.05,1358,8174,453,5898,
1986,48,41,South Carolina,0.32,0.32,0.31,763493,753751,2393329,2437430,0.01,11676,21110,3066,25297,
1986,37,42,South Dakota,,0.6,0.6,,295830,492333,495833,0.01,1081,0,0,1081,
1986,54,43,Tennessee,,0.35,0.34,,1210339,3478867,3532177,0.01,7591,26291,8600,29337,
1986,49,44,Texas,,0.32,0.29,,3442368,10786533,11732625,0.06,38534,290074,57509,241080,
1986,67,45,Utah,0.44,0.43,0.42,445499,435111,1024337,1049339,0.02,0,0,0,0,
1986,6,46,Vermont,0.54,0.51,0.5,211709,196716,389843,396034,0.02,0,0,0,0,
1986,40,47,Virginia,,0.29,0.28,,1233611,4240797,4394143,0.03,12930,17126,5767,27260,
1986,73,48,Washington,0.43,0.42,0.4,1358160,1337367,3151152,3310457,0.04,6603,49663,7666,39101,
1986,56,49,West Virginia,0.33,0.3,0.3,449249,410131,1370305,1380916,0,1472,4241,968,4561,
1986,25,50,Wisconsin,,0.45,0.44,,1526960,3432034,3495584,0.01,5736,24648,3854,21914,
1986,68,51,Wyoming,0.51,0.5,0.49,168615,164720,328971,334385,0.01,861,1840,337,2118,
1984,0,0,United States,0,0.55,0.53,,92652680,167701904,173994610,0.04,454092,1012936,204686,1165246,2360867
1984,41,1,Alabama,,0.51,0.5,,1441713,2831099,2867180,0.01,10482,16338,2194,20845,
1984,81,2,Alaska,0.62,0.61,0.59,213173,207605,343030,354410,0.02,1967,2064,147,3146,
1984,61,3,Arizona,0.49,0.48,0.45,1051339,1025897,2151391,2263826,0.04,7845,16687,1660,17849,
1984,42,4,Arkansas,,0.53,0.52,,884406,1668136,1689480,0.01,4482,8238,3463,12064,
1984,71,5,California,0.59,0.57,0.49,9796375,9505423,16618345,19270739,0.13,43197,0,30645,73842,
1984,62,6,Colorado,0.59,0.57,0.56,1343437,1295380,2267668,2325829,0.02,3231,0,1709,4940,
1984,1,7,Connecticut,0.65,0.64,0.6,1490946,1466900,2300533,2431057,0.04,5718,46681,868,29927,
1984,11,8,Delaware,0.58,0.58,0.56,258182,254572,442354,455312,0.02,2202,6373,830,6219,
1984,55,9,District of Columbia,0.47,0.45,0.42,219193,211288,471669,505550,0.06,4521,0,0,4521,
1984,43,10,Florida,,0.52,0.48,,4180051,7976805,8656427,0.07,26914,118318,5661,91734,
1984,44,11,Georgia,,0.43,0.42,,1776120,4119852,4243165,0.01,15404,90057,7246,67679,
1984,82,12,Hawaii,0.5,0.48,0.45,349253,335846,694187,750909,0.07,1965,0,0,1965,
1984,63,13,Idaho,0.64,0.62,0.61,421935,411144,662771,675772,0.02,1253,0,0,1253,
1984,21,14,Illinois,0.63,0.61,0.58,4969352,4819088,7922605,8327065,0.05,17114,0,0,17114,
1984,22,15,Indiana,0.58,0.57,0.56,2268493,2233069,3916362,3960870,0.01,9328,0,0,9328,
1984,31,16,Iowa,0.65,0.64,0.63,1339886,1319805,2057482,2084995,0.01,2836,11924,1662,10460,
1984,32,17,Kansas,,0.58,0.57,,1021991,1751223,1779487,0.01,4244,0,0,4244,
1984,51,18,Kentucky,,0.52,0.51,,1369345,2643027,2672424,0.01,4820,15004,3567,15889,
1984,45,19,Louisiana,,0.57,0.56,,1706822,3019930,3072074,0.01,13659,0,0,13659,
1984,2,20,Maine,,0.66,0.65,,553144,840251,852022,0.01,0,0,0,0,
1984,52,21,Maryland,0.55,0.54,0.51,1695924,1675873,3113967,3278321,0.03,13124,64827,7046,52584,
1984,3,22,Massachusetts,0.61,0.6,0.57,2595054,2559453,4273437,4486676,0.05,0,0,0,0,
1984,23,23,Michigan,0.61,0.59,0.58,3884854,3801658,6407156,6550877,0.02,14604,0,0,14604,
1984,33,24,Minnesota,0.71,0.7,0.69,2115317,2084449,2982015,3039490,0.01,2167,31440,1418,19305,
1984,46,25,Mississippi,,0.53,0.53,,941104,1766654,1787243,0.01,6115,6570,3108,12508,
1984,34,26,Missouri,,0.59,0.58,,2122783,3617948,3671506,0.01,8770,23574,4366,24923,
1984,64,27,Montana,0.68,0.66,0.66,395006,384377,578925,584162,0.01,964,0,0,964,
1984,35,28,Nebraska,0.59,0.58,0.57,670781,652090,1135012,1152310,0.01,1665,10763,361,7408,
1984,65,29,Nevada,0.45,0.44,0.41,294413,286667,656862,697185,0.05,3488,5226,1187,7288,
1984,4,30,New Hampshire,0.57,0.54,0.53,406608,388904,718967,732480,0.02,581,0,0,581,
1984,12,31,New Jersey,0.61,0.61,0.57,3215941,3217862,5318696,5699440,0.06,10363,44208,12206,44673,
1984,66,32,New Mexico,0.55,0.54,0.52,522328,514370,956246,990632,0.03,2129,3926,1194,5286,
1984,13,33,New York,0.57,0.56,0.51,7000828,6806810,12232120,13373558,0.08,33109,0,24212,57321,
1984,47,34,North Carolina,,0.48,0.47,,2175361,4512013,4598151,0.01,16371,52600,3892,46563,
1984,36,35,North Dakota,0.67,0.64,0.64,324179,308971,482655,486449,0.01,432,0,0,432,
1984,24,36,Ohio,0.6,0.59,0.58,4664223,4547619,7732456,7836806,0.01,18619,0,0,18619,
1984,53,37,Oklahoma,0.56,0.54,0.53,1290555,1255676,2324445,2373014,0.01,7872,18809,1880,19157,
1984,72,38,Oregon,0.66,0.64,0.63,1265824,1226527,1906880,1962501,0.03,4224,0,0,4224,
1984,14,39,Pennsylvania,,0.55,0.54,,4844903,8790815,8918353,0.01,13090,0,0,13090,
1984,5,40,Rhode Island,0.61,0.59,0.56,422851,410492,697537,739064,0.05,1221,7147,394,5189,
1984,48,41,South Carolina,0.44,0.42,0.41,1018701,968529,2329080,2368236,0.01,9892,17043,3441,21855,
1984,37,42,South Dakota,,0.64,0.64,,317867,494651,497849,0.01,921,0,0,921,
1984,54,43,Tennessee,,0.5,0.49,,1711994,3415760,3463234,0.01,7307,23598,6524,25630,
1984,49,44,Texas,,0.51,0.47,,5397571,10582774,11397758,0.05,36682,235568,40783,195249,
1984,67,45,Utah,0.64,0.63,0.62,641846,629656,998820,1022083,0.02,0,0,0,0,
1984,6,46,Vermont,0.62,0.62,0.61,235140,234561,381479,387620,0.02,0,0,0,0,
1984,40,47,Virginia,,0.52,0.51,,2146635,4100160,4234017,0.03,10839,16690,5986,25170,
1984,73,48,Washington,0.63,0.61,0.59,1931546,1883910,3072714,3213263,0.03,6821,39181,5253,31665,
1984,56,49,West Virginia,,0.53,0.53,,735742,1391427,1401733,0,1579,3597,724,4102,
1984,25,50,Wisconsin,,0.65,0.64,,2211689,3409202,3468053,0.01,4974,22426,3853,20040,
1984,68,51,Wyoming,0.58,0.56,0.55,196153,188968,338733,343957,0.01,724,1708,352,1930,
1982,0,0,United States (Excl. Louisiana),0,0.42,0.41,,67615576,160466919,166027633,0.04,399102,789951,165559,959637,1981895
1982,41,1,Alabama,,0.41,0.4,,1128725,2780689,2813033,0.01,9233,14229,2266,18614,
1982,81,2,Alaska,0.65,0.63,0.62,199458,194885,307558,316787,0.02,1322,1816,101,2331,
1982,61,3,Arizona,0.37,0.36,0.34,742923,726364,2017098,2112246,0.04,6069,14949,1527,15071,
1982,42,4,Arkansas,,0.48,0.48,,789351,1639482,1656707,0.01,3922,3384,3061,8675,
1982,71,5,California,0.5,0.49,0.43,8064314,7876698,16161555,18448245,0.12,34640,0,18913,53553,
1982,62,6,Colorado,0.47,0.44,0.43,1037774,956021,2196263,2248839,0.02,3042,0,1202,4244,
1982,1,7,Connecticut,0.49,0.48,0.46,1112428,1084156,2253328,2369975,0.04,5156,33061,1311,22998,
1982,11,8,Delaware,0.46,0.44,0.43,195726,190960,430257,441374,0.01,2068,4626,621,5002,
1982,55,9,District of Columbia,,0.25,0.24,,117623,470719,500492,0.05,4081,0,0,4081,
1982,43,10,Florida,,0.36,0.33,,2688566,7565499,8139171,0.06,27830,57074,5974,62341,
1982,44,11,Georgia,,0.3,0.29,,1169041,3945107,4047788,0.01,14405,78097,4897,58351,
1982,82,12,Hawaii,0.49,0.47,0.43,325459,311853,671172,724189,0.07,1461,0,0,1461,
1982,63,13,Idaho,0.51,0.5,0.49,332237,326522,650534,662251,0.02,1044,0,0,1044,
1982,21,14,Illinois,0.49,0.47,0.44,3856875,3673681,7908220,8284606,0.04,14293,0,0,14293,
1982,22,15,Indiana,0.47,0.47,0.46,1834225,1817287,3879314,3921907,0.01,8790,0,0,8790,
1982,31,16,Iowa,0.51,0.5,0.5,1050495,1038229,2068844,2094031,0.01,2829,10625,1050,9192,
1982,32,17,Kansas,,0.44,0.43,,763263,1736298,1761238,0.01,3078,0,0,3078,
1982,51,18,Kentucky,,0.27,0.27,,700322,2615445,2642810,0.01,4031,14516,3430,14719,
1982,45,19,Louisiana,,,,,2810398,2982702,3029834,0.01,10930,0,0,10930,
1982,2,20,Maine,,0.56,0.56,,2808538,817814,828907,0.01,0,0,0,0,
1982,52,21,Maryland,0.39,0.38,0.36,1190011,2806678,3034834,3174995,0.03,11617,52603,6024,43943,
1982,3,22,Massachusetts,0.5,0.49,0.47,2103780,2804817,4184146,4375262,0.04,0,0,0,0,
1982,23,23,Michigan,0.49,0.48,0.47,3135928,2802957,6357552,6498711,0.02,14913,0,0,14913,
1982,33,24,Minnesota,0.62,0.61,0.6,1834737,2801097,2943169,2993256,0.01,2081,24320,1479,15720,
1982,46,25,Mississippi,,0.37,0.37,,2799237,1743267,1762406,0,5484,6304,2914,11550,
1982,34,26,Missouri,,0.43,0.43,,2797376,3567803,3615526,0.01,7445,21637,2556,20820,
1982,64,27,Montana,0.58,0.56,0.56,328082,2795516,569629,574592,0.01,914,0,0,914,
1982,35,28,Nebraska,0.5,0.49,0.48,559422,2793656,1128918,1145316,0.01,1739,9964,309,7030,
1982,65,29,Nevada,0.39,0.39,0.37,242578,2791796,621060,655823,0.04,2753,4733,1065,6185,
1982,4,30,New Hampshire,0.42,0.41,0.41,289057,2789935,686264,698424,0.02,445,0,0,445,
1982,12,31,New Jersey,0.44,0.42,0.39,2286925,2788075,5224732,5563627,0.05,8191,38186,10514,37798,
1982,66,32,New Mexico,0.46,0.44,0.43,417945,2786215,919311,949133,0.03,1718,3854,1206,4851,
1982,13,33,New York,0.45,0.43,0.4,5437367,2784355,12118685,13150573,0.08,27945,0,21062,49007,
1982,47,34,North Carolina,,0.3,0.3,,2782494,4347870,4427095,0.01,16569,44274,6910,45616,
1982,36,35,North Dakota,0.57,0.55,0.55,272876,2780634,476851,480367,0.01,322,0,0,322,
1982,24,36,Ohio,0.46,0.44,0.44,3551995,2778774,7692059,7793022,0.01,17317,0,0,17317,
1982,53,37,Oklahoma,0.39,0.38,0.38,901488,2776914,2302670,2346265,0.01,6500,14749,1858,15733,
1982,72,38,Oregon,0.56,0.55,0.54,1063913,2775053,1895706,1946116,0.02,3900,0,0,3900,
1982,14,39,Pennsylvania,,0.42,0.42,,2773193,8749931,8869173,0.01,10508,0,0,10508,
1982,5,40,Rhode Island,0.54,0.5,0.47,370928,2771333,684977,723060,0.05,1037,6501,327,4615,
1982,48,41,South Carolina,0.3,0.3,0.29,688300,2769473,2260577,2297223,0.01,9137,16981,3175,20803,
1982,37,42,South Dakota,,0.57,0.57,,2767612,489474,492367,0,791,0,0,791,
1982,54,43,Tennessee,,0.38,0.37,,2765752,3357236,3393233,0.01,7869,10101,3303,16223,
1982,49,44,Texas,,0.31,0.29,,2763892,10228820,10910762,0.05,36149,177270,26274,151058,
1982,67,45,Utah,0.56,0.55,0.54,537207,2762032,962724,984073,0.02,0,0,0,0,
1982,6,46,Vermont,0.46,0.45,0.45,172084,2760171,372982,379067,0.02,0,0,0,0,
1982,40,47,Virginia,,0.36,0.35,,2758311,3960296,4076585,0.02,10079,14813,6487,23973,
1982,73,48,Washington,0.47,0.46,0.44,1404831,2756451,2999997,3138109,0.03,6264,60142,3047,39382,
1982,56,49,West Virginia,,0.4,0.4,,2754591,1399303,1409116,0,1547,2711,610,3513,
1982,25,50,Wisconsin,,0.47,0.46,,2752730,3372875,3426394,0.01,4714,19603,3125,17641,
1982,68,51,Wyoming,0.5,0.49,0.48,172065,2750870,344218,349060,0.01,702,1303,244,1598,
1980,0,0,United States,0,0.54,0.53,,2749010,159635102,164445475,0.04,324410,618471,168331,801977,1803021
1980,41,1,Alabama,,0.49,0.49,,2747150,2726249,2753078,0,6543,10985,2547,14583,
1980,81,2,Alaska,0.6,0.59,0.57,162653,2745289,270122,277261,0.02,822,1181,93,1506,
1980,61,3,Arizona,0.48,0.46,0.44,898183,2743429,1890167,1968947,0.03,4372,12584,1093,11757,
1980,42,4,Arkansas,,0.52,0.52,,2741569,1610104,1624917,0.01,2911,2400,2855,6966,
1980,71,5,California,0.56,0.55,0.49,8775459,2739709,15610966,17551451,0.11,24569,0,15253,39822,
1980,62,6,Colorado,0.59,0.57,0.56,1225549,2737848,2071959,2118092,0.02,2629,0,927,3556,
1980,1,7,Connecticut,0.65,0.64,0.61,1423403,2735988,2201356,2305904,0.04,4308,22981,1932,17731,
1980,11,8,Delaware,0.57,0.56,0.55,239136,2734128,421344,430879,0.01,1474,3762,619,3974,
1980,55,9,District of Columbia,0.38,0.37,0.35,178434,2732268,470956,496230,0.05,3145,0,0,3145,
1980,43,10,Florida,,0.52,0.49,,2730407,7088658,7575002,0.06,20735,38906,8823,49011,
1980,44,11,Georgia,,0.42,0.41,,2728547,3791652,3870251,0.01,12178,58450,3169,44572,
1980,82,12,Hawaii,0.49,0.47,0.44,318026,2726687,646583,695906,0.07,985,0,0,985,
1980,63,13,Idaho,0.7,0.69,0.68,446045,2724827,633624,644004,0.02,817,0,0,817,
1980,21,14,Illinois,0.62,0.6,0.58,4868890,2722966,7868300,8216218,0.04,11899,0,0,11899,
1980,22,15,Indiana,0.59,0.58,0.58,2275433,2721106,3846321,3885473,0.01,6683,0,0,6683,
1980,31,16,Iowa,0.64,0.64,0.63,1314258,2719246,2070935,2093321,0.01,2481,8815,639,7528,
1980,32,17,Kansas,,0.58,0.57,,2717386,1704420,1726471,0.01,2494,0,0,2494,
1980,51,18,Kentucky,,0.51,0.5,,2715525,2562572,2592185,0.01,3588,12400,8120,17908,
1980,45,19,Louisiana,,0.54,0.53,,2713665,2868792,2910776,0.01,8889,0,0,8889,
1980,2,20,Maine,,0.65,0.65,,2711805,799746,810240,0.01,0,0,0,0,
1980,52,21,Maryland,0.53,0.52,0.5,1557709,2709945,2964704,3081409,0.03,7731,41661,6436,34998,
1980,3,22,Massachusetts,0.62,0.61,0.59,2566807,2708084,4110721,4281265,0.04,0,0,0,0,
1980,23,23,Michigan,0.62,0.61,0.6,3978647,2706224,6374955,6514790,0.02,15124,0,0,15124,
1980,33,24,Minnesota,0.72,0.71,0.7,2079451,2704364,2882406,2929927,0.01,2001,27000,1534,17035,
1980,46,25,Mississippi,,0.52,0.52,,2702504,1704163,1719825,0,3902,4864,2292,8626,
1980,34,26,Missouri,,0.6,0.59,,2700643,3529489,3571609,0.01,5726,17400,2395,16821,
1980,64,27,Montana,0.67,0.66,0.65,371976,2698783,554636,559165,0.01,739,0,0,739,
1980,35,28,Nebraska,0.58,0.58,0.57,651281,2696923,1115142,1129653,0.01,1446,7980,292,5728,
1980,65,29,Nevada,0.52,0.43,0.41,297318,2695063,573118,602463,0.04,1839,4989,1052,5386,
1980,4,30,New Hampshire,0.61,0.58,0.57,402415,2693202,660560,671558,0.02,326,0,0,326,
1980,12,31,New Jersey,0.59,0.58,0.55,2999879,2691342,5123773,5420255,0.05,5884,29239,8911,29415,
1980,66,32,New Mexico,0.53,0.52,0.51,464848,2689482,873515,897946,0.02,1279,2794,884,3560,
1980,13,33,New York,0.53,0.52,0.48,6359218,2687622,12006100,12932357,0.07,21815,0,19652,41467,
1980,47,34,North Carolina,,0.44,0.43,,2685761,4203817,4272156,0.01,15513,36467,6496,40243,
1980,36,35,North Dakota,0.68,0.65,0.65,314525,2683901,462223,465447,0.01,253,0,0,253,
1980,24,36,Ohio,0.57,0.56,0.55,4378937,2682041,7637813,7732705,0.01,13489,0,0,13489,
1980,53,37,Oklahoma,0.54,0.53,0.52,1172303,2680181,2162051,2201257,0.01,4796,14360,2232,14208,
1980,72,38,Oregon,0.64,0.63,0.61,1209691,2678320,1880863,1925651,0.02,3177,0,0,3177,
1980,14,39,Pennsylvania,,0.53,0.52,,2676460,8664166,8774885,0.01,8171,0,0,8171,
1980,5,40,Rhode Island,0.63,0.62,0.59,423349,2674600,675067,709692,0.04,813,5501,257,3821,
1980,48,41,South Carolina,0.42,0.41,0.4,922397,2672740,2176721,2212354,0.01,7862,20589,3124,21281,
1980,37,42,South Dakota,,0.68,0.67,,2670879,484328,486893,0,635,0,0,635,
1980,54,43,Tennessee,,0.49,0.49,,2669019,3285608,3318036,0.01,7022,9130,3097,14684,
1980,49,44,Texas,,0.47,0.45,,2667159,9572904,10120613,0.04,29892,131996,17235,113125,
1980,67,45,Utah,0.67,0.66,0.65,609691,2665299,915484,934767,0.02,0,0,0,0,
1980,6,46,Vermont,0.59,0.59,0.58,215500,2663438,363143,369147,0.02,0,0,0,0,
1980,40,47,Virginia,,0.49,0.48,,2661578,3830887,3927383,0.02,8920,11463,4783,19435,
1980,73,48,Washington,0.61,0.6,0.57,1772904,2659718,2923670,3037193,0.03,4399,12527,14669,25332,
1980,56,49,West Virginia,0.54,0.53,0.53,742150,2657858,1387231,1396595,0.01,1257,2650,475,3057,
1980,25,50,Wisconsin,,0.68,0.67,,2655997,3322053,3371087,0.01,3980,19088,2639,16163,
1980,68,51,Wyoming,0.55,0.54,0.53,181004,2654137,326644,330784,0.01,534,940,154,1158,
